firstname,lastname,city,born,phone,email
Salma,Helin,Hällaryd,2002-07-03,555674792,salma.helin@hallaryd.se
Sanna,Wahlgren,Torhamn,2004-08-02,555493393,sanna.wahlgren@torhamn.se
Anni,Örn,Resarö,1994-07-08,555408537,anni.orn@resaro.se
Thilda,Brandt,Holmsjö,1994-06-25,555197921,thilda.brandt@holmsjo.se
Alexis,Sjödin,Ardala,1991-03-04,555190611,alexis.sjodin@ardala.se
Madicken,Berg,Grimsås,2000-08-11,555003849,madicken.berg@grimsas.se
Ingemar,Kihlström,Katrinedal,2003-06-22,555362185,ingemar.kihlstrom@katrinedal.se
Patricia,Sjöö,Timmele,2004-01-07,555346110,patricia.sjoo@timmele.se
Anton,Johnson,Furuby,2009-01-12,555860051,anton.johnson@furuby.se
Rosanna,Sjösten,Gårdby,1991-01-13,555397557,rosanna.sjosten@gardby.se
Roland,Wennerström,Västra Torup,2000-12-19,555568867,roland.wennerstrom@vastra_torup.se
Zacharias,Ferm,Klövsjö,1992-12-13,555802398,zacharias.ferm@klovsjo.se
Camilla,Mikaelsson,Mogata,1995-01-17,555208336,camilla.mikaelsson@mogata.se
Carla,Nordstrand,Skölsta,1991-09-23,555635630,carla.nordstrand@skolsta.se
Andrea,Hallin,Junosuando,2009-08-09,555148969,andrea.hallin@junosuando.se
Leia,Bark,Flyksnäs,2004-09-30,555338093,leia.bark@flyksnas.se
Rickard,Källman,Ronneby,2009-04-12,555221364,rickard.kallman@ronneby.se
Thelma,Sunesson,Bräcke,2003-10-24,555795390,thelma.sunesson@bracke.se
Nikki,Landström,Ryd,2007-07-25,555699394,nikki.landstrom@ryd.se
Eira,Ivarsson,Nyhammar,2007-04-22,555371347,eira.ivarsson@nyhammar.se
Noor,Hallberg,Jäderfors,2003-03-28,555929555,noor.hallberg@jaderfors.se
Severin,Holmlund,Hara,2005-03-09,555551159,severin.holmlund@hara.se
Erza,Dahlén,Bor,1998-11-08,555417739,erza.dahlén@bor.se
Svante,Hammarberg,Hoting,1992-05-11,555671898,svante.hammarberg@hoting.se
Rawan,Vallgren,Getinge,1994-04-02,555630933,rawan.vallgren@getinge.se
Amna,Strid,Aröd och Timmervik,1993-11-08,555560661,amna.strid@arod_och_timmervik.se
Lillie,Gren,Säter,2009-02-18,555776667,lillie.gren@sater.se
Markus,Wendel,Kvicksund,2009-09-09,555858669,markus.wendel@kvicksund.se
Fatima,Rask,Robertsholm,1993-11-15,555453664,fatima.rask@robertsholm.se
Hugo,Stoltz,Angered,1992-07-28,555912341,hugo.stoltz@angered.se
Hillevi,Svensk,Korsberga,2008-05-07,555250110,hillevi.svensk@korsberga.se
Fiona,Birgersson,Töcksfors,2008-01-30,555642358,fiona.birgersson@tocksfors.se
Wilja,Almgren,Olofström,2008-03-07,555795936,wilja.almgren@olofstrom.se
Justus,Thelin,Linderöd,1990-09-23,555066298,justus.thelin@linderod.se
Dag,Damberg,Hillerstorp,1999-12-14,555741694,dag.damberg@hillerstorp.se
Lorin,Wall,Vellinge,2001-06-06,555320152,lorin.wall@vellinge.se
Wendela,Algotsson,Enköping,2003-01-23,555381899,wendela.algotsson@enkoping.se
Jessie,Fernström,Kjulaås,1996-11-28,555949267,jessie.fernstrom@kjulaas.se
Rania,Borg,Mjönäs,2000-04-04,555486452,rania.borg@mjonas.se
Teo,Stenström,Borgholm,1994-04-29,555229873,teo.stenstrom@borgholm.se
Alexia,Mörk,Björkvik,1997-04-05,555517279,alexia.mork@bjorkvik.se
Valfrid,Hultqvist,Uddeholm,1993-05-27,555408063,valfrid.hultqvist@uddeholm.se
Zeinab,Wahlberg,Klädesholmen,2004-11-06,555189363,zeinab.wahlberg@kladesholmen.se
Jana,Olsén,Myresjö,2006-12-18,555806112,jana.olsén@myresjo.se
Gert,Engberg,Hittarp,1993-03-30,555670808,gert.engberg@hittarp.se
Liam,Fagerberg,Mjällom,2001-06-04,555170107,liam.fagerberg@mjallom.se
Minnah,Franzén,Ryd,1994-09-25,555406312,minnah.franzén@ryd.se
Jana,Olausson,Österfärnebo,2003-03-28,555700942,jana.olausson@osterfarnebo.se
Tore,Nylén,Obbola,2005-09-23,555105591,tore.nylén@obbola.se
Jörgen,Sturesson,Vretstorp,1994-01-11,555627914,jorgen.sturesson@vretstorp.se
Dilan,Vestergren,Jönköping,2003-05-05,555492598,dilan.vestergren@jonkoping.se
Esra,Holmstedt,Oxhalsö,1998-10-11,555877855,esra.holmstedt@oxhalso.se
Mirjam,Lundstedt,Skede,1994-10-14,555016412,mirjam.lundstedt@skede.se
Dilan,Sjöholm,Ryd,1993-09-03,555280677,dilan.sjoholm@ryd.se
Aaron,Hagberg,Lövstalöt,2007-07-20,555633674,aaron.hagberg@lovstalot.se
Elin,Danielsson,Gånghester,2001-07-15,555041644,elin.danielsson@ganghester.se
Marvin,Norling,Hallstavik,2002-09-13,555483349,marvin.norling@hallstavik.se
Chloe,Zackrisson,Gnesta,2006-02-07,555690328,chloe.zackrisson@gnesta.se
Camilla,Ekberg,Sövde,1993-05-07,555789743,camilla.ekberg@sovde.se
Rahma,Sundelin,Danmark,2007-02-03,555230852,rahma.sundelin@danmark.se
Manne,Hallman,Parksidan,2009-07-05,555221818,manne.hallman@parksidan.se
Sixten,Meijer,Hakkas,2006-11-30,555886485,sixten.meijer@hakkas.se
Meya,Ahlberg,Funäsdalen,1997-12-23,555429226,meya.ahlberg@funasdalen.se
Emmelie,Kvist,Ekskogen,1992-12-12,555927773,emmelie.kvist@ekskogen.se
Arthur,Öhrn,Fristad,1990-03-15,555734644,arthur.ohrn@fristad.se
Severin,Hedman,Hishult,1998-10-20,555297432,severin.hedman@hishult.se
Grim,Kempe,Vallvik,1995-02-16,555428260,grim.kempe@vallvik.se
Joy,Strömgren,Malmbäck,2008-02-05,555708251,joy.stromgren@malmback.se
Lova,Lundquist,Leksand,2007-07-21,555050076,lova.lundquist@leksand.se
Daniel,Filipsson,Åled,2006-07-30,555715152,daniel.filipsson@aled.se
Emil,Schmidt,Jönköping,1999-03-22,555884108,emil.schmidt@jonkoping.se
Louise,Lindroth,Skutskär,1990-06-08,555247929,louise.lindroth@skutskar.se
Lovisa,Carlström,Himle,1998-05-03,555438315,lovisa.carlstrom@himle.se
Thelma,Mattiasson,Gullringen,1992-03-06,555705095,thelma.mattiasson@gullringen.se
Zahra,Hällström,Björsäter,2005-12-02,555044467,zahra.hallstrom@bjorsater.se
Filippa,Kroon,Storholmen,1994-09-04,555157613,filippa.kroon@storholmen.se
Stina,Örn,Gladö kvarn,2010-05-25,555622513,stina.orn@glado_kvarn.se
Melissa,Wickström,Källö-Knippla,2009-12-09,555288549,melissa.wickstrom@kallo-knippla.se
Novalee,Sjöstrand,Filipstad,2000-09-01,555675663,novalee.sjostrand@filipstad.se
Tintin,Bergmark,Bergagård,2009-09-23,555224207,tintin.bergmark@bergagard.se
Nellie,Gunnarsson,Slite norra,2007-05-06,555053559,nellie.gunnarsson@slite_norra.se
Indra,Sörensson,Killeberg,1996-07-24,555666879,indra.sorensson@killeberg.se
Maryam,Carlson,Onsala,1992-03-21,555979350,maryam.carlson@onsala.se
Telma,Bondesson,Fagerfjäll,1998-03-01,555359387,telma.bondesson@fagerfjall.se
Maria,Grip,Köping,1991-09-08,555323001,maria.grip@koping.se
Frej,Asplund,Östorp och Ådran,1991-11-15,555518936,frej.asplund@ostorp_och_adran.se
Fanny,Hemmingsson,Nässjö,2010-06-04,555450131,fanny.hemmingsson@nassjo.se
Ofelia,Sandell,Mehedeby,1994-09-25,555922513,ofelia.sandell@mehedeby.se
Amelia,Hall,Älvängen,2007-10-17,555440981,amelia.hall@alvangen.se
Atle,Granberg,Örebro,2006-09-15,555040487,atle.granberg@orebro.se
Amelie,Nordlund,Avan,2008-10-19,555457354,amelie.nordlund@avan.se
Volmar,Wiberg,Båtskärsnäs,2003-12-05,555045107,volmar.wiberg@batskarsnas.se
Freja,Fahlén,Ramstalund,2003-10-23,555135679,freja.fahlén@ramstalund.se
Adnan,Lilja,Ånge,2003-07-13,555975449,adnan.lilja@ange.se
Whilma,Bergendahl,Rabbalshede,1996-09-29,555280272,whilma.bergendahl@rabbalshede.se
Ingemund,Edvinsson,Rydsnäs,1991-04-23,555797049,ingemund.edvinsson@rydsnas.se
Jill,Edlund,Timmernabben,2003-04-08,555095781,jill.edlund@timmernabben.se
Iris,Rönnberg,Degeberga,2004-10-05,555882679,iris.ronnberg@degeberga.se
Jonna,Östlund,Ulvåker,2006-06-14,555510957,jonna.ostlund@ulvaker.se
Amos,Malmqvist,Vallåkra,1990-08-27,555402518,amos.malmqvist@vallakra.se
Zeynep,Thorsell,Allerum,2001-12-01,555069209,zeynep.thorsell@allerum.se
Sigge,Ekström,Lerdala,2008-09-17,555566836,sigge.ekstrom@lerdala.se
Emelie,Liljekvist,Odensbacken,1995-05-16,555287082,emelie.liljekvist@odensbacken.se
Gerda,Brink,Finja,1999-03-05,555428441,gerda.brink@finja.se
Hadi,Wickström,Bergshammar,1998-06-03,555828898,hadi.wickstrom@bergshammar.se
Aina,Norlander,Filsbäck,1992-01-30,555509428,aina.norlander@filsback.se
Fredrik,Sjöö,Törestorp,2009-08-11,555933618,fredrik.sjoo@torestorp.se
Emmy,Dahlman,Svinninge,2001-02-16,555363067,emmy.dahlman@svinninge.se
Haylie,Palm,Långsele,1999-12-22,555194012,haylie.palm@langsele.se
Henric,Leander,Vetlanda,2000-03-22,555879656,henric.leander@vetlanda.se
Jennifer,Bergh,Roknäs,1996-06-16,555256501,jennifer.bergh@roknas.se
Lava,Norlander,Stensättra tomtområde,1999-02-30,555109886,lava.norlander@stensattra_tomtomrade.se
Wiktor,Hammarlund,Bie,1996-10-18,555432241,wiktor.hammarlund@bie.se
Tara,Valfridsson,Hallstahammar,1995-04-30,555614481,tara.valfridsson@hallstahammar.se
Erland,Norström,Nyhammar,2002-03-28,555005239,erland.norstrom@nyhammar.se
Claes,Tillman,Östra Karup,1994-05-08,555945111,claes.tillman@ostra_karup.se
Dahlia,Stridh,Spjutstorp,1998-06-23,555936162,dahlia.stridh@spjutstorp.se
Sören,Wahlgren,Härslöv,1996-10-03,555062610,soren.wahlgren@harslov.se
Manda,Lans,Jörlanda,1991-01-18,555868063,manda.lans@jorlanda.se
Natanael,Brännström,Västanvik,2001-01-02,555321296,natanael.brannstrom@vastanvik.se
Göran,Månsson,Marmaverken,1990-11-18,555267484,goran.mansson@marmaverken.se
Eline,Stenman,Lunde,1996-05-01,555564999,eline.stenman@lunde.se
Halvard,Edvardsson,Matfors,2009-10-12,555477481,halvard.edvardsson@matfors.se
Adele,Vidén,Ekeby,1998-08-08,555626129,adele.vidén@ekeby.se
Samuel,Örn,Grästorp,2010-04-17,555401112,samuel.orn@grastorp.se
Jörgen,Kristoffersson,Hunnebostrand,2001-03-24,555893470,jorgen.kristoffersson@hunnebostrand.se
Lennart,Ryberg,Gessie villastad,2010-08-21,555200617,lennart.ryberg@gessie_villastad.se
Tess,Almström,Färjestaden,2007-02-08,555143527,tess.almstrom@farjestaden.se
Emy,Larsen,Stavsnäs,2005-10-02,555870440,emy.larsen@stavsnas.se
Kenny,Edström,Linköping,2010-02-30,555919406,kenny.edstrom@linkoping.se
Chanelle,Lundahl,Fågelmara,1996-07-20,555422586,chanelle.lundahl@fagelmara.se
Bernhard,Winberg,Marieby,2004-12-24,555816552,bernhard.winberg@marieby.se
Ninni,Fast,Kastlösa,1994-01-15,555137357,ninni.fast@kastlosa.se
Ludwig,Söderström,Själsö,2007-06-17,555114277,ludwig.soderstrom@sjalso.se
Noelia,Bergdahl,Sunnemo,1996-05-22,555892697,noelia.bergdahl@sunnemo.se
Enzo,Thorsson,Östra Vemmerlöv,1991-12-08,555648372,enzo.thorsson@ostra_vemmerlov.se
Elmedina,Olausson,Olsfors,1998-09-28,555732484,elmedina.olausson@olsfors.se
Moa,Henriksson,Vänge,2000-11-03,555349860,moa.henriksson@vange.se
Hilda,Backlund,Mjönäs,1996-09-08,555564408,hilda.backlund@mjonas.se
Isak,Grönberg,Skänninge,1996-12-07,555821759,isak.gronberg@skanninge.se
Mio,Gabrielsson,Genevad,2006-01-03,555357682,mio.gabrielsson@genevad.se
Osvald,Wickström,Klövsjö,1993-05-23,555680622,osvald.wickstrom@klovsjo.se
Atle,Brännström,Herräng,2003-07-01,555881521,atle.brannstrom@herrang.se
Arvid,Nordahl,Slottsbron,2000-12-23,555106402,arvid.nordahl@slottsbron.se
Lars,Brändström,Trönninge,2005-08-07,555036926,lars.brandstrom@tronninge.se
Liam,Rönnbäck,Hova,1997-03-22,555301417,liam.ronnback@hova.se
Tintin,Flink,Ullared,2008-06-10,555884786,tintin.flink@ullared.se
Belinda,Nordin,Holmeja,2005-03-27,555647753,belinda.nordin@holmeja.se
Sarah,Ahlberg,Kvista,2009-06-20,555382432,sarah.ahlberg@kvista.se
Leonie,Månsson,Forsbacka,1992-02-18,555718025,leonie.mansson@forsbacka.se
Kristina,Åstrand,Bäsna,1990-07-06,555450192,kristina.astrand@basna.se
Elena,Olsén,Mehedeby,1995-05-24,555017391,elena.olsén@mehedeby.se
Zacharias,Bergendahl,Nora,2007-01-09,555126265,zacharias.bergendahl@nora.se
Amos,Edgren,Degerfors,2002-06-19,555898469,amos.edgren@degerfors.se
Joakim,Svedlund,Nättraby,1998-07-08,555896260,joakim.svedlund@nattraby.se
Evelin,Bäckström,Storvreta,2005-03-07,555801333,evelin.backstrom@storvreta.se
Agnes,Elfström,Gärsnäs,2008-05-14,555033042,agnes.elfstrom@garsnas.se
Nadin,Hall,Skumparp,1992-01-17,555920846,nadin.hall@skumparp.se
Liam,Bodin,Bjurholm,2003-02-28,555370055,liam.bodin@bjurholm.se
Izabelle,Norberg,Djupekås,2006-09-27,555497050,izabelle.norberg@djupekas.se
Helga,Lagerström,Snogeröd,1997-06-21,555428874,helga.lagerstrom@snogerod.se
Bob,Öhrn,Stora Levene,2009-08-21,555144111,bob.ohrn@stora_levene.se
Wera,Wiman,Sågmyra,2006-07-28,555416917,wera.wiman@sagmyra.se
Rawan,Ekvall,Glömminge,2001-05-29,555873312,rawan.ekvall@glomminge.se
Harry,Mattiasson,Glanshammar,1996-04-10,555437377,harry.mattiasson@glanshammar.se
Mustafa,Rosengren,Linköping,1990-05-07,555317318,mustafa.rosengren@linkoping.se
Laura,Öhlin,Linghem,2005-10-10,555710872,laura.ohlin@linghem.se
Hassan,Welin,Lund,1998-04-20,555992002,hassan.welin@lund.se
Ester,Haglund,Falkenberg,1999-02-18,555834112,ester.haglund@falkenberg.se
Erhard,Vernersson,Åsensbruk,2010-02-29,555609768,erhard.vernersson@asensbruk.se
Whilma,Burman,Mariannelund,2000-01-25,555609297,whilma.burman@mariannelund.se
Marina,Wallgren,Kalmar,1994-06-14,555917884,marina.wallgren@kalmar.se
Moa,Selander,Stångenäs och Rixö,1996-12-20,555282720,moa.selander@stangenas_och_rixo.se
Jenna,Bernhardsson,Östra Husby,2003-08-08,555157443,jenna.bernhardsson@ostra_husby.se
Wendela,Berggren,Ödsmål,2009-12-12,555553761,wendela.berggren@odsmal.se
Villemo,Wallman,Bälinge,1991-07-02,555644409,villemo.wallman@balinge.se
Mio,Hällgren,Ilsbo,2010-04-26,555072757,mio.hallgren@ilsbo.se
Hassan,Hultberg,Hällevik,2005-03-02,555824878,hassan.hultberg@hallevik.se
Marvin,Sjölin,Skövde,1991-02-02,555182333,marvin.sjolin@skovde.se
Vendela,Rosenkvist,Nossebro,2010-03-26,555642102,vendela.rosenkvist@nossebro.se
Maj,Sjöstrand,Skyttorp,2008-08-10,555543972,maj.sjostrand@skyttorp.se
Salomon,Thomasson,Karlskoga,2000-06-27,555426168,salomon.thomasson@karlskoga.se
Dima,Renberg,Sätra brunn,2002-05-24,555435284,dima.renberg@satra_brunn.se
Elisia,Malmborg,Gryt,2002-06-11,555018791,elisia.malmborg@gryt.se
Beatrice,Fredin,Våxtorp,1999-10-25,555815949,beatrice.fredin@vaxtorp.se
Alfons,Näsström,Seglarvik,2005-12-22,555069712,alfons.nasstrom@seglarvik.se
Karla,Björn,Nymölla,2008-08-09,555398472,karla.bjorn@nymolla.se
Erik,Nyqvist,Älvsala,2008-08-09,555902316,erik.nyqvist@alvsala.se
Lukas,Lindström,Rockhammar,1992-07-22,555875995,lukas.lindstrom@rockhammar.se
Vidar,Nordin,Lenhovda,1994-02-10,555324023,vidar.nordin@lenhovda.se
Aaron,Klaesson,Tobo,1999-10-03,555005729,aaron.klaesson@tobo.se
Hanna,Malmkvist,Klintehamn,2001-07-18,555714672,hanna.malmkvist@klintehamn.se
Nelia,Vestin,Harads,1998-02-24,555406929,nelia.vestin@harads.se
Nova-Li,Löfdahl,Pershagen,2007-01-14,555389030,nova-li.lofdahl@pershagen.se
Rolf,Rönn,Stora Mellby,2004-02-14,555501190,rolf.ronn@stora_mellby.se
Tore,Robertsson,Oskarshamn,1998-12-21,555434713,tore.robertsson@oskarshamn.se
Laura,Ljungkvist,Uddeholm,2001-11-13,555470590,laura.ljungkvist@uddeholm.se
Madicken,Bergkvist,Avan,2006-06-06,555568766,madicken.bergkvist@avan.se
Alexandra,Hermansson,Gusum,2009-06-12,555062417,alexandra.hermansson@gusum.se
Azra,Edman,Hjortkvarn,2000-07-22,555699937,azra.edman@hjortkvarn.se
Esbjörn,Westin,Rutvik,2000-05-08,555150038,esbjorn.westin@rutvik.se
Avin,Persson,Röstånga,2010-04-27,555749905,avin.persson@rostanga.se
Susanna,Wirén,Sjöskogen och Strand,1998-01-20,555082199,susanna.wirén@sjoskogen_och_strand.se
Greta,Kjellin,Marmaskogen,2004-09-03,555668905,greta.kjellin@marmaskogen.se
Christina,Vikman,Betsede,2005-09-02,555882899,christina.vikman@betsede.se
Greta,Fogelberg,Götene,1999-08-08,555210486,greta.fogelberg@gotene.se
Arnold,Wennberg,Klockestrand,2008-07-01,555885595,arnold.wennberg@klockestrand.se
Sumaya,Ingvarsson,Johansfors,2004-02-04,555173286,sumaya.ingvarsson@johansfors.se
Minelle,Björn,Runemo,2002-11-17,555173376,minelle.bjorn@runemo.se
Milla,Hammarström,Kungälv,2002-08-30,555797737,milla.hammarstrom@kungalv.se
Lavin,Öberg,Vårgårda,1998-12-23,555954419,lavin.oberg@vargarda.se
Eva,Lindfors,Varberg,1992-08-13,555591682,eva.lindfors@varberg.se
Anders,Stoltz,Åseda,2008-06-27,555236417,anders.stoltz@aseda.se
Jill,Lindblad,Stallarholmen,1994-08-16,555724792,jill.lindblad@stallarholmen.se
Othilia,Thor,Klädesholmen,2009-10-16,555653988,othilia.thor@kladesholmen.se
Odin,Kristiansson,Boda,1995-04-14,555369282,odin.kristiansson@boda.se
Heidi,Karlén,Jäderfors,2009-07-28,555908209,heidi.karlén@jaderfors.se
Marielle,Östlund,Ekeby,1995-01-04,555569163,marielle.ostlund@ekeby.se
Botvid,Christensen,Ornäs,1998-06-18,555195506,botvid.christensen@ornas.se
Malva,Vikström,Rydaholm,2005-05-25,555159770,malva.vikstrom@rydaholm.se
Amina,Hallgren,Drag,1994-03-14,555692992,amina.hallgren@drag.se
Jasmina,Rosell,Västra Bispgården,1997-05-27,555298440,jasmina.rosell@vastra_bispgarden.se
Alrik,Palmqvist,Hunnebostrand,1996-10-22,555227019,alrik.palmqvist@hunnebostrand.se
Joseph,Långström,Upplands Väsby och Sollentuna,1997-11-02,555403172,joseph.langstrom@upplands_vasby_och_sollentuna.se
Denise,Högström,Påryd,1993-01-22,555918132,denise.hogstrom@paryd.se
Tor,Liljekvist,Timmele,2009-09-09,555743796,tor.liljekvist@timmele.se
Samir,Sjökvist,Danholn,1991-07-06,555358604,samir.sjokvist@danholn.se
Caroline,Haraldsson,Avesta,1994-05-27,555422772,caroline.haraldsson@avesta.se
Lars,Bergmark,Finspång,2005-05-29,555544756,lars.bergmark@finspang.se
Petronella,Christiansson,Byske,1996-03-02,555390207,petronella.christiansson@byske.se
Narin,Vesterlund,Tranholmen,1995-06-23,555426363,narin.vesterlund@tranholmen.se
Andrea,Lundbäck,Bankekind,2006-05-15,555783289,andrea.lundback@bankekind.se
Scott,Ragnarsson,Abborrberget,1998-05-01,555745229,scott.ragnarsson@abborrberget.se
Tibirtus,Hjorth,Algutsrum,1995-10-16,555350304,tibirtus.hjorth@algutsrum.se
Elmer,Frank,Hunnebostrand,2010-09-14,555143593,elmer.frank@hunnebostrand.se
Jimmy,Helmersson,Segersäng,2000-02-17,555569281,jimmy.helmersson@segersang.se
Örjan,Thunberg,Trummenäs,1999-05-12,555424283,orjan.thunberg@trummenas.se
Emy,Vestberg,Nödinge-Nol,1995-04-04,555313489,emy.vestberg@nodinge-nol.se
Miranda,Appelqvist,Nordmaling,1994-10-29,555987819,miranda.appelqvist@nordmaling.se
Havanna,Åkesson,Rottneros,1998-01-04,555052091,havanna.akesson@rottneros.se
Isadora,Grahn,Kyrkesund,2000-02-28,555623540,isadora.grahn@kyrkesund.se
Raoul,Lindman,Väggarp,1991-04-26,555088824,raoul.lindman@vaggarp.se
Fannie,Sjöstedt,Loftahammar,2001-12-04,555244082,fannie.sjostedt@loftahammar.se
Maximiliam,Ahlstrand,Stångenäs och Rixö,2001-06-03,555914429,maximiliam.ahlstrand@stangenas_och_rixo.se
Ayla,Grönlund,Kungshult,1995-07-11,555450038,ayla.gronlund@kungshult.se
Heidi,Cederlund,Jönåker,2001-02-15,555159169,heidi.cederlund@jonaker.se
Sebastian,Strömberg,Strömma,2004-06-13,555239608,sebastian.stromberg@stromma.se
Salomon,Blomkvist,Fellingsbro,1997-03-18,555567743,salomon.blomkvist@fellingsbro.se
Scott,Rutgersson,Bollebygd,2004-09-16,555599935,scott.rutgersson@bollebygd.se
Sally,Rundberg,Svensbyn,1995-01-24,555875925,sally.rundberg@svensbyn.se
Kristoffer,Sjöö,Götlunda,1997-05-11,555417666,kristoffer.sjoo@gotlunda.se
Lily,Lif,Byske,2001-01-22,555112786,lily.lif@byske.se
Joline,Fagerlund,Västra Torup,1997-07-05,555473296,joline.fagerlund@vastra_torup.se
Veronika,Stålnacke,Yttersjö,2005-07-16,555598424,veronika.stalnacke@yttersjo.se
Andreas,Fahlström,Österå och Hökviken,1991-02-22,555088894,andreas.fahlstrom@ostera_och_hokviken.se
Boris,Sandahl,Finkarby,1995-04-21,555337361,boris.sandahl@finkarby.se
Mirjam,Norrman,Åkers styckebruk,1995-01-07,555605307,mirjam.norrman@akers_styckebruk.se
Elwin,Lorentzon,Kopparmora,1999-06-02,555351202,elwin.lorentzon@kopparmora.se
Maria,Sköld,Anderslöv,2006-05-13,555022956,maria.skold@anderslov.se
Ilse,Appelgren,Skepplanda,1995-08-26,555084937,ilse.appelgren@skepplanda.se
Josephine,Edberg,Ursviken,2000-11-01,555111431,josephine.edberg@ursviken.se
Elwin,Ludvigsson,Grimstorp,2000-11-28,555419884,elwin.ludvigsson@grimstorp.se
Nathalie,Bergvall,Molkom,2009-09-09,555651049,nathalie.bergvall@molkom.se
Amira,Vennberg,Utby,1997-09-27,555254353,amira.vennberg@utby.se
Meya,Wennberg,Stavsnäs,1995-08-21,555254522,meya.wennberg@stavsnas.se
Matteus,Blomkvist,Björna,1995-08-15,555275957,matteus.blomkvist@bjorna.se
Fatma,Gren,Skiftinge,2006-12-30,555733343,fatma.gren@skiftinge.se
Jonas,Lind,Lidhult,1990-09-19,555830497,jonas.lind@lidhult.se
Sigge,Skoglund,Norrbo och Västansjö,1999-09-16,555563084,sigge.skoglund@norrbo_och_vastansjo.se
Kasper,Stridh,Duvesjön,1994-08-03,555621300,kasper.stridh@duvesjon.se
Rawan,Vigren,Långasand och Ugglarp,1992-12-29,555058843,rawan.vigren@langasand_och_ugglarp.se
Agnes,Stenmark,Fisksätra,1999-05-12,555829573,agnes.stenmark@fisksatra.se
Göran,Wallén,Åmynnet,2010-06-23,555841177,goran.wallén@amynnet.se
Helena,Nystedt,Övertänger,2004-01-17,555011908,helena.nystedt@overtanger.se
Loke,Hällgren,Svartehallen,1997-08-12,555665261,loke.hallgren@svartehallen.se
Klara,Bohman,Åby,2003-05-15,555851140,klara.bohman@aby.se
Styrbjörn,Jarl,Hasslö,1995-01-03,555366004,styrbjorn.jarl@hasslo.se
Caspar,Roos,Grundsund,2008-08-12,555923250,caspar.roos@grundsund.se
Valle,Blomgren,Åmunnen,2005-02-08,555865115,valle.blomgren@amunnen.se
Rut,Österlund,Torslanda,1991-12-25,555994097,rut.osterlund@torslanda.se
Fanny,Kihlström,Snogeröd,2002-04-28,555042722,fanny.kihlstrom@snogerod.se
Klas,Mellberg,Nygårds hagar,2009-04-18,555913359,klas.mellberg@nygards_hagar.se
Carmen,Lindström,Nordmaling,2000-07-19,555687964,carmen.lindstrom@nordmaling.se
Lukas,Sander,Bruksvallarna,1990-11-26,555947245,lukas.sander@bruksvallarna.se
Alisa,Gradin,Älvkarleby,2009-07-17,555027529,alisa.gradin@alvkarleby.se
Rune,Hellberg,Östra Tommarp,1994-09-16,555184156,rune.hellberg@ostra_tommarp.se
Nathaniel,Bergendahl,Degeberga,2010-11-16,555558001,nathaniel.bergendahl@degeberga.se
Noelia,Englund,Kungshult,1992-02-30,555634754,noelia.englund@kungshult.se
Nikolaus,Nyrén,Rockneby,1992-10-20,555268314,nikolaus.nyrén@rockneby.se
Charlie,Melander,Näsviken,2003-04-30,555445813,charlie.melander@nasviken.se
Samantha,Olsén,Fisksätra,2005-08-28,555386091,samantha.olsén@fisksatra.se
Dana,Rydén,Roma,1994-03-21,555480534,dana.rydén@roma.se
Erza,Folkesson,Hummelsta,1992-09-19,555328648,erza.folkesson@hummelsta.se
Zoe,Westberg,Mullhyttan,2010-09-22,555620445,zoe.westberg@mullhyttan.se
Savannah,Sjölin,Västra Ingelstad,1991-10-30,555510477,savannah.sjolin@vastra_ingelstad.se
Joanna,Kjellström,Sjuhalla,1993-09-16,555815327,joanna.kjellstrom@sjuhalla.se
Ali,Lindroth,Häradsbygden,1995-12-30,555832435,ali.lindroth@haradsbygden.se
Madelene,Rasmusson,Östra Tommarp,1999-09-11,555061409,madelene.rasmusson@ostra_tommarp.se
Amadeus,Rundqvist,Vilshult,2004-06-26,555336250,amadeus.rundqvist@vilshult.se
Anton,Törnkvist,Korsgården,1990-02-08,555139653,anton.tornkvist@korsgarden.se
Joseph,Leandersson,Ersnäs,1995-01-19,555067414,joseph.leandersson@ersnas.se
Melody,Niklasson,Kil,1991-08-27,555979469,melody.niklasson@kil.se
Sabina,Antonsson,Njutånger,2001-01-05,555608782,sabina.antonsson@njutanger.se
Celine,Nylén,Kyrkheddinge,2004-02-27,555200290,celine.nylén@kyrkheddinge.se
Lin,Källgren,Gräddö,2007-08-19,555844902,lin.kallgren@graddo.se
Finn,Lundholm,Lurudden,1991-12-10,555400135,finn.lundholm@lurudden.se
Belle,Bengtsson,Hällekis,2005-05-26,555856769,belle.bengtsson@hallekis.se
Clara,Öst,Persberg,1994-12-01,555180762,clara.ost@persberg.se
Deniz,Ljungström,Vibble,1997-07-15,555002691,deniz.ljungstrom@vibble.se
Matthias,Lundgren,Kättilstorp,1998-09-23,555957991,matthias.lundgren@kattilstorp.se
Rahaf,Fredriksson,Sticklinge udde,1990-12-15,555425324,rahaf.fredriksson@sticklinge_udde.se
Belle,Åström,Nybro,2007-05-15,555308522,belle.astrom@nybro.se
Adèle,Morén,Eksund,2007-10-07,555546499,adèle.morén@eksund.se
Lucas,Robertsson,Hittarp,2007-06-15,555109204,lucas.robertsson@hittarp.se
Ella,Von,Rabbalshede,2003-09-12,555797632,ella.von@rabbalshede.se
Emina,Kjellman,Lycksta,2009-08-10,555477150,emina.kjellman@lycksta.se
Sandra,Gillberg,Dösjebro,2003-08-23,555130627,sandra.gillberg@dosjebro.se
Enya,Jörgensen,Klingsta och Allsta,2006-09-29,555044287,enya.jorgensen@klingsta_och_allsta.se
Nilo,Widén,Saxnäs,2004-06-16,555791797,nilo.widén@saxnas.se
Krister,Lindblad,Vittaryd,2005-02-18,555599684,krister.lindblad@vittaryd.se
Tor,Lundbäck,Rydsgård,2010-12-24,555223603,tor.lundback@rydsgard.se
Valfrid,Norling,Ljungbyhed,2001-06-04,555669095,valfrid.norling@ljungbyhed.se
Sigurd,Qvist,Sankt Olof,2004-03-07,555945746,sigurd.qvist@sankt_olof.se
Emir,Sjöberg,Hällesåker,1997-08-15,555982347,emir.sjoberg@hallesaker.se
Ella,Johansson,Funäsdalen,1996-12-21,555140425,ella.johansson@funasdalen.se
Ossian,Dahlin,Våmhus,1991-04-14,555769514,ossian.dahlin@vamhus.se
Joachim,Olausson,Torsåker,1997-02-14,555546804,joachim.olausson@torsaker.se
Tage,Rosenqvist,Vålberg,1997-02-21,555727979,tage.rosenqvist@valberg.se
Evelina,Rydell,Los,2006-11-19,555047661,evelina.rydell@los.se
Manfred,Näsström,Blötberget,2001-01-19,555054854,manfred.nasstrom@blotberget.se
Alessia,Edvardsson,Ersnäs,2006-01-30,555394591,alessia.edvardsson@ersnas.se
Arthur,Ringdahl,Lidköping norra,1994-03-24,555010888,arthur.ringdahl@lidkoping_norra.se
Melek,Bogren,Udden,1993-08-19,555733382,melek.bogren@udden.se
Vega,Brorsson,Löderup,1994-04-06,555950530,vega.brorsson@loderup.se
Sanja,Appelgren,Marstrand,2008-12-13,555186120,sanja.appelgren@marstrand.se
Sigurd,Sörensson,Ekeby,2005-11-12,555250641,sigurd.sorensson@ekeby.se
Ivan,Fredin,Gårdby,2008-06-30,555822526,ivan.fredin@gardby.se
Tilda,Ågren,Gammelgården,1998-11-08,555929817,tilda.agren@gammelgarden.se
Liza,Ledin,Roknäs,2003-11-25,555190303,liza.ledin@roknas.se
Josef,Holmqvist,Stehag,1991-01-26,555911403,josef.holmqvist@stehag.se
Michaela,Tell,Kyrksten,2004-05-10,555039875,michaela.tell@kyrksten.se
Mia,Bohman,Gantofta,1999-10-13,555738113,mia.bohman@gantofta.se
Rolf,Åkesson,Pershagen,2010-05-13,555197525,rolf.akesson@pershagen.se
Lilith,Hedén,Karlsborg,1996-04-17,555370958,lilith.hedén@karlsborg.se
Sonia,Hedén,Lerdala,2004-09-10,555176439,sonia.hedén@lerdala.se
Aprilia,Cederholm,Vindön,2002-07-03,555423652,aprilia.cederholm@vindon.se
Gottfrid,Lantz,Göta,1996-05-20,555411764,gottfrid.lantz@gota.se
Louisa,Hellgren,Åsele,2003-03-29,555063979,louisa.hellgren@asele.se
Liana,Kristiansson,Smedjebacken,1990-09-25,555455451,liana.kristiansson@smedjebacken.se
Vilhelm,Österlund,Norrbo och Västansjö,2002-03-23,555119448,vilhelm.osterlund@norrbo_och_vastansjo.se
Konrad,Långström,Vegby,2001-11-19,555496641,konrad.langstrom@vegby.se
Milou,Landin,Torbjörntorp,2007-07-29,555552605,milou.landin@torbjorntorp.se
Viking,Vilhelmsson,Överum,2002-06-06,555562302,viking.vilhelmsson@overum.se
Emeli,Sterner,Klöverträsk,1999-11-03,555670979,emeli.sterner@klovertrask.se
Malte,Back,Valbo,2010-04-19,555530480,malte.back@valbo.se
Aylin,Halvarsson,Åseda,1993-08-11,555704653,aylin.halvarsson@aseda.se
Nova-Li,Lundholm,Mehedeby,2006-11-13,555354949,nova-li.lundholm@mehedeby.se
Leyla,Öström,Nysättra,2006-03-04,555057180,leyla.ostrom@nysattra.se
Sabina,Söderkvist,Brändön,1996-12-26,555154896,sabina.soderkvist@brandon.se
Jasper,Dahlberg,Lanesund och Överby,2006-01-13,555912443,jasper.dahlberg@lanesund_och_overby.se
Dan,Landin,Söderhamn,2002-02-09,555576664,dan.landin@soderhamn.se
Ingvar,Hemmingsson,Hjältevad,1992-03-13,555270009,ingvar.hemmingsson@hjaltevad.se
Pauline,Österman,Ammenäs,1996-08-16,555544876,pauline.osterman@ammenas.se
Reinhold,Stefansson,Sturefors,2006-12-13,555897511,reinhold.stefansson@sturefors.se
Abbe,Bohlin,Strandskogen,1995-08-17,555391561,abbe.bohlin@strandskogen.se
Sophie,Ahlgren,Björke,2000-08-16,555335124,sophie.ahlgren@bjorke.se
Gottfrid,Brundin,Alvesta,2002-11-02,555183264,gottfrid.brundin@alvesta.se
Nanna,Ragnarsson,Seskarö,1994-06-08,555899120,nanna.ragnarsson@seskaro.se
Pål,Jarl,Norberg,2004-08-20,555301032,pal.jarl@norberg.se
Teresia,Högman,Fagersanna,2003-05-17,555582171,teresia.hogman@fagersanna.se
Lorena,Månsson,Viby,1993-05-17,555606294,lorena.mansson@viby.se
Caspar,Norling,Lyrestad,1999-12-13,555134683,caspar.norling@lyrestad.se
Georg,Thuresson,Östhammar,2010-05-29,555267390,georg.thuresson@osthammar.se
Aston,Oscarsson,Piteå,2000-02-27,555693467,aston.oscarsson@pitea.se
Helmer,Lindberg,Sjulsmark,2004-02-03,555756035,helmer.lindberg@sjulsmark.se
Idun,Wallberg,Tuolluvaara,1999-12-02,555155236,idun.wallberg@tuolluvaara.se
Chloe,Söderlund,Lidköping,1994-05-19,555482925,chloe.soderlund@lidkoping.se
Veronica,Sörman,Skyttorp,1994-04-12,555923973,veronica.sorman@skyttorp.se
Emilija,Almgren,Gislaved,2004-08-19,555471220,emilija.almgren@gislaved.se
Luna,Edberg,Johannesudd,2002-04-23,555854203,luna.edberg@johannesudd.se
Ingemar,Nyman,Gullringen,2007-04-25,555227102,ingemar.nyman@gullringen.se
Nadia,Hedström,Gantofta,2002-02-25,555416520,nadia.hedstrom@gantofta.se
Edvard,Enqvist,Landfjärden,2007-03-26,555515759,edvard.enqvist@landfjarden.se
Knut,Nylén,Rosvik,2006-03-25,555885866,knut.nylén@rosvik.se
Staffan,Lif,Ätran,1992-11-03,555853895,staffan.lif@atran.se
Herman,Sunesson,Hällbäcken och Sinksundet,1995-09-02,555434505,herman.sunesson@hallbacken_och_sinksundet.se
Åsa,Holmlund,Linderöd,1990-02-26,555001779,asa.holmlund@linderod.se
Douglas,Bengtsson,Vannsätter,1992-09-01,555641588,douglas.bengtsson@vannsatter.se
Tino,Evertsson,Össjö,1997-03-11,555606190,tino.evertsson@ossjo.se
Karolina,Blomqvist,Mölle,2000-08-22,555862521,karolina.blomqvist@molle.se
Sivert,Kvarnström,Butbro,2010-12-20,555325403,sivert.kvarnstrom@butbro.se
Evald,Jakobsson,Uddheden,2001-11-02,555565468,evald.jakobsson@uddheden.se
Sara,Sander,Totebo,1995-02-24,555501143,sara.sander@totebo.se
Arwen,Mattsson,Orsa,2004-01-23,555988771,arwen.mattsson@orsa.se
Henning,Söderman,Vindeln,1999-06-16,555614764,henning.soderman@vindeln.se
Edit,Thorén,Lundby,1996-06-01,555662961,edit.thorén@lundby.se
Oskar,Lif,Grebo,1992-08-12,555417997,oskar.lif@grebo.se
Smilla,Björn,Ätran,2006-10-20,555252441,smilla.bjorn@atran.se
Lykke,Ersson,Hästveda,2005-10-23,555990532,lykke.ersson@hastveda.se
Denniz,Zetterlund,Hoverberg,2005-07-20,555064616,denniz.zetterlund@hoverberg.se
Savannah,Kroon,Fredriksberg östra,2007-02-04,555481285,savannah.kroon@fredriksberg_ostra.se
Linus,Hedman,Östra Husby,1991-12-19,555724491,linus.hedman@ostra_husby.se
Karim,Bergvall,Högsby,2002-01-19,555804544,karim.bergvall@hogsby.se
Vidar,Lovén,Stöpen,1991-12-08,555200555,vidar.lovén@stopen.se
Angelica,Hultman,Kungsäter,1998-08-24,555488654,angelica.hultman@kungsater.se
Set,Holmén,Gullspång,2007-10-29,555335171,set.holmén@gullspang.se
Hailie,Zander,Urshult,2008-10-14,555905082,hailie.zander@urshult.se
Betty,Östberg,Fridlevstad,2001-10-09,555529564,betty.ostberg@fridlevstad.se
Gottfrid,Lagerqvist,Rockhammar,1991-07-20,555008832,gottfrid.lagerqvist@rockhammar.se
River,Olausson,Kullö,2004-05-08,555974510,river.olausson@kullo.se
Molly,Stål,Rockhammar,1999-06-15,555694804,molly.stal@rockhammar.se
Anja,Bolin,Runemo,2005-11-15,555860137,anja.bolin@runemo.se
Roxanna,Fridlund,Flisby,1995-02-18,555967811,roxanna.fridlund@flisby.se
Jolina,Söderlund,Loftahammar,1992-08-23,555616376,jolina.soderlund@loftahammar.se
Aram,Björck,Gualöv,2007-02-15,555429634,aram.bjorck@gualov.se
Ruben,Blomdahl,Kummelnäs,1997-09-21,555912100,ruben.blomdahl@kummelnas.se
Manfred,Hedblom,Smygehamn,2006-03-25,555189548,manfred.hedblom@smygehamn.se
Åsa,Hansson,Slaka,2003-10-28,555742485,asa.hansson@slaka.se
Alvar,Gillberg,Sörvik,2000-10-24,555649903,alvar.gillberg@sorvik.se
Elna,Blomgren,Tallåsen,1992-01-23,555264936,elna.blomgren@tallasen.se
Anas,Tillman,Fritsla,2010-12-22,555029415,anas.tillman@fritsla.se
Ronny,Berglund,Eringsboda,1993-04-04,555985443,ronny.berglund@eringsboda.se
Emina,Wallgren,Väggarp,2004-08-28,555964465,emina.wallgren@vaggarp.se
Natali,Hilmersson,Kättilsmåla,2006-02-13,555817825,natali.hilmersson@kattilsmala.se
Lydia,Stenman,Hulukvarn,2009-03-19,555485327,lydia.stenman@hulukvarn.se
Lou,Nyström,Gustavsberg,2004-04-11,555080121,lou.nystrom@gustavsberg.se
Blenda,Hellberg,Latorpsbruk,1992-08-23,555083259,blenda.hellberg@latorpsbruk.se
Leo,Kling,Mellösa,2009-09-08,555534961,leo.kling@mellosa.se
Emmelie,Einarsson,Berg,2008-02-17,555746826,emmelie.einarsson@berg.se
Linda,Schröder,Kyrkheddinge,2005-03-27,555552211,linda.schroder@kyrkheddinge.se
Nemi,Jernberg,Häggenås,2008-03-02,555881425,nemi.jernberg@haggenas.se
Noak,Davidsson,Bjurholm,1992-02-20,555908426,noak.davidsson@bjurholm.se
Tora,Björkman,Obbola,1995-03-09,555930976,tora.bjorkman@obbola.se
Christopher,Svenningsson,Tranholmen,2003-12-11,555979111,christopher.svenningsson@tranholmen.se
Wendela,Rundberg,Öxabäck,2010-03-23,555239375,wendela.rundberg@oxaback.se
Tanja,Eskilsson,Torshälla,1990-07-06,555863942,tanja.eskilsson@torshalla.se
Tina,Hamrin,Snogeröd,2008-02-18,555938006,tina.hamrin@snogerod.se
Deniz,Ekman,Malsta,1991-06-10,555433013,deniz.ekman@malsta.se
Theodore,Fritz,Brännö,2007-08-29,555409718,theodore.fritz@branno.se
Vanna,Kihlberg,Kungsgården,1990-11-17,555446019,vanna.kihlberg@kungsgarden.se
Anselm,Glans,Kågeröd,1993-09-19,555863111,anselm.glans@kagerod.se
Luka,Göransson,Nusnäs,2007-02-27,555172145,luka.goransson@nusnas.se
Fatma,Harrysson,Hjortsberga,2007-01-24,555623825,fatma.harrysson@hjortsberga.se
Leon,Åkerberg,Vikingstad,1993-09-10,555208757,leon.akerberg@vikingstad.se
Hilding,Samuelsson,Tösse,1992-01-24,555903675,hilding.samuelsson@tosse.se
Ingrid,Oskarsson,Ryssby,1995-07-06,555143307,ingrid.oskarsson@ryssby.se
Elmedina,Sandberg,Hargshamn,1992-05-18,555476218,elmedina.sandberg@hargshamn.se
James,Sjölin,Västra Torup,2010-09-07,555687257,james.sjolin@vastra_torup.se
Amina,Olausson,Höllviken,2006-05-23,555730839,amina.olausson@hollviken.se
Ibrahim,Cederberg,Nättraby,2001-10-21,555868022,ibrahim.cederberg@nattraby.se
Lorin,Ståhl,Dala-Floda,2002-03-17,555836039,lorin.stahl@dala-floda.se
Heidi,Sjöö,Örserum,1990-07-25,555773005,heidi.sjoo@orserum.se
Ruth,Dahlström,Tallåsen,1994-02-16,555591581,ruth.dahlstrom@tallasen.se
Dilan,Kjellgren,Hissmofors,2008-07-28,555008067,dilan.kjellgren@hissmofors.se
Benin,Forsgren,Nya Långenäs,2004-01-11,555329946,benin.forsgren@nya_langenas.se
Roger,Back,Kastlösa,2008-07-10,555640523,roger.back@kastlosa.se
Elwira,Thor,Uddebo,1991-07-25,555380286,elwira.thor@uddebo.se
Linnea,Hultqvist,Åmotfors,1998-09-05,555832637,linnea.hultqvist@amotfors.se
Rayan,Appelqvist,Mjölby,1994-04-30,555479376,rayan.appelqvist@mjolby.se
Brian,Ahlberg,Södertälje,1991-08-04,555515762,brian.ahlberg@sodertalje.se
Alve,Torstensson,Björnlunda,2007-04-14,555970919,alve.torstensson@bjornlunda.se
Mats,Schmidt,Herräng,1998-02-06,555992950,mats.schmidt@herrang.se
Hana,Kjellgren,Molkom,2010-06-30,555012917,hana.kjellgren@molkom.se
Miro,Enqvist,Ekeby,2008-08-27,555138813,miro.enqvist@ekeby.se
Lars,Söderlund,Konga,2005-01-06,555785968,lars.soderlund@konga.se
Jens,Oskarsson,Kuttainen,1996-10-14,555370675,jens.oskarsson@kuttainen.se
Ofelia,Gran,Gräfsnäs,1992-04-15,555555224,ofelia.gran@grafsnas.se
Brynolf,Rasmussen,Hestra,1994-01-16,555832029,brynolf.rasmussen@hestra.se
Vidar,Gustavsson,Högsjö,1992-05-17,555501571,vidar.gustavsson@hogsjo.se
Belinda,Rönnberg,Bjärred,2008-04-10,555289064,belinda.ronnberg@bjarred.se
Emely,Blomdahl,Hysingsvik,1998-11-25,555632837,emely.blomdahl@hysingsvik.se
Zelda,Granström,Skoghall,1994-11-20,555543288,zelda.granstrom@skoghall.se
Ebba,Ryd,Kimstad,1999-07-19,555276632,ebba.ryd@kimstad.se
Vendela,Carlsson,Hasslö,1991-11-19,555764837,vendela.carlsson@hasslo.se
Miro,Åslund,Rockhammar,2004-06-08,555996463,miro.aslund@rockhammar.se
Alisa,Hägg,Flyinge,1990-09-14,555185257,alisa.hagg@flyinge.se
Samira,Hård,Rydboholm,1994-06-30,555293390,samira.hard@rydboholm.se
Maksim,Sten,Falun,1992-05-23,555113521,maksim.sten@falun.se
Agnes,Granath,Gällivare,2003-08-25,555460006,agnes.granath@gallivare.se
Willy,Lindmark,Koviksudde och Skeviksstrand,1994-04-29,555466261,willy.lindmark@koviksudde_och_skeviksstrand.se
Gottfrid,Öqvist,Ödåkra,2003-06-15,555480247,gottfrid.oqvist@odakra.se
Noah,Sandell,Morup,2010-07-09,555814159,noah.sandell@morup.se
Hillevi,Hallgren,Linköping,2009-02-05,555744429,hillevi.hallgren@linkoping.se
Lorin,Skoog,Ludvika,2002-09-24,555902615,lorin.skoog@ludvika.se
Hailey,Wedin,Hjortkvarn,2007-07-21,555209843,hailey.wedin@hjortkvarn.se
Lillemor,Wikman,Kåhög,2004-08-10,555877916,lillemor.wikman@kahog.se
Hjalmar,Göransson,Trönninge,1995-08-09,555086507,hjalmar.goransson@tronninge.se
Hemming,Kjellström,Lanesund och Överby,2009-11-08,555579516,hemming.kjellstrom@lanesund_och_overby.se
Judit,Rönn,Mörlunda,1994-05-27,555021653,judit.ronn@morlunda.se
Claes,Krantz,Karesuando,1998-06-25,555459713,claes.krantz@karesuando.se
Eila,Sjökvist,Tibro,2010-06-17,555308146,eila.sjokvist@tibro.se
Ajla,Enqvist,Spjutstorp,1992-03-15,555423959,ajla.enqvist@spjutstorp.se
Marlon,Ålund,Malmslätt,2002-01-10,555502610,marlon.alund@malmslatt.se
Isadora,Carlén,Brålanda,2010-11-07,555631307,isadora.carlén@bralanda.se
Emmi,Holmlund,Smygehamn,2005-07-03,555097489,emmi.holmlund@smygehamn.se
Bertil,Åhman,Bergshamra,2010-04-12,555241341,bertil.ahman@bergshamra.se
Sonia,Edström,Styrsö,2001-11-23,555506474,sonia.edstrom@styrso.se
Beata,Helgesson,Bengtsheden,2001-11-12,555484204,beata.helgesson@bengtsheden.se
Celia,Sandahl,Jörn,2001-04-16,555633979,celia.sandahl@jorn.se
Junia,Brodén,Grängesberg västra,1997-09-04,555102054,junia.brodén@grangesberg_vastra.se
Esaias,Falk,Hällberga,2005-02-15,555437567,esaias.falk@hallberga.se
Evin,Holmström,Rånäs,1995-08-05,555284822,evin.holmstrom@ranas.se
Chanel,Bratt,Hargshamn,1997-05-03,555372384,chanel.bratt@hargshamn.se
Jessika,Niemi,Östra Bispgården,1991-03-29,555407977,jessika.niemi@ostra_bispgarden.se
Cindy,Bergqvist,Sonstorp,1997-10-01,555215426,cindy.bergqvist@sonstorp.se
Helen,Lövgren,Järpen,2004-09-10,555527170,helen.lovgren@jarpen.se
Charlotta,Forsström,Norra Ingaröstrand,2009-12-03,555297436,charlotta.forsstrom@norra_ingarostrand.se
Emin,Wik,Krokom,2004-05-19,555638114,emin.wik@krokom.se
Adriana,Rosell,Näsåker,2008-02-11,555510675,adriana.rosell@nasaker.se
Emilija,Frisk,Nälden,2006-05-14,555837129,emilija.frisk@nalden.se
Mirella,Sjödahl,Rävemåla,1990-11-30,555413064,mirella.sjodahl@ravemala.se
Nour,Nordlander,Ingelstad,1999-07-14,555395777,nour.nordlander@ingelstad.se
Agaton,Hammarström,Norsholm,1992-06-05,555907321,agaton.hammarstrom@norsholm.se
Dania,Fritz,Svartudden,1995-08-23,555961285,dania.fritz@svartudden.se
Madelen,Ekholm,Almunge,1992-10-27,555025781,madelen.ekholm@almunge.se
Leija,Ringström,Gideå,1992-06-11,555581257,leija.ringstrom@gidea.se
Emilija,Broström,Mjällby,1994-01-28,555615650,emilija.brostrom@mjallby.se
Isak,Nylander,Vi,2009-06-09,555846202,isak.nylander@vi.se
Athena,Kihlström,Näsum,2006-11-20,555005132,athena.kihlstrom@nasum.se
Amelia,Frid,Källby,1994-02-13,555682016,amelia.frid@kallby.se
Mostafa,Stridh,Tomelilla,2009-11-04,555624174,mostafa.stridh@tomelilla.se
Didrik,Bodén,Älvåker och Råtorp,1993-12-24,555385403,didrik.bodén@alvaker_och_ratorp.se
Liv,Molin,Graversfors,2007-05-25,555344814,liv.molin@graversfors.se
Nikolina,Dahl,Sävsjö,1992-11-04,555592489,nikolina.dahl@savsjo.se
Ivan,Johannisson,Eksjö,1998-07-13,555542475,ivan.johannisson@eksjo.se
Mostafa,Sahlström,Lesjöfors,1991-10-07,555372369,mostafa.sahlstrom@lesjofors.se
Amie,Åkerlund,Östra Stenåsen,1990-10-28,555222354,amie.akerlund@ostra_stenasen.se
Pär,Sonesson,Hindås,1993-04-05,555913644,par.sonesson@hindas.se
Walter,Bergström,Ljungbyhed,2001-03-26,555603536,walter.bergstrom@ljungbyhed.se
Malek,Jörgensen,Virserum,2005-12-17,555129175,malek.jorgensen@virserum.se
Olof,Holmlund,Påryd,1996-10-06,555003810,olof.holmlund@paryd.se
Daisy,Brandt,Stensjön,2010-11-01,555753467,daisy.brandt@stensjon.se
Joachim,Petersson,Ronnebyhamn,2010-05-01,555346313,joachim.petersson@ronnebyhamn.se
Filiph,Thörn,Landfjärden,2003-01-22,555280467,filiph.thorn@landfjarden.se
Edith,Almgren,Kristvallabrunn,1993-06-07,555762449,edith.almgren@kristvallabrunn.se
Ayla,Bergstrand,Stugun,2009-02-16,555565285,ayla.bergstrand@stugun.se
Xander,Svensson,Åryd,1995-07-27,555331777,xander.svensson@aryd.se
Elisa,Sahlin,Tandsbyn,1990-06-01,555797407,elisa.sahlin@tandsbyn.se
Jacob,Roslund,Burseryd,1997-05-02,555827082,jacob.roslund@burseryd.se
Rafael,Peterson,Djurås,2001-10-13,555187580,rafael.peterson@djuras.se
Fredric,Hamrin,Ardala,1996-08-19,555632273,fredric.hamrin@ardala.se
Glenn,Krantz,Marstrand,1998-02-22,555584970,glenn.krantz@marstrand.se
Bjarne,Mattiasson,Varekil,2007-03-14,555853176,bjarne.mattiasson@varekil.se
Niclas,Lundahl,Braås,2009-06-13,555487069,niclas.lundahl@braas.se
Marlon,Forsell,Skärplinge,2000-11-03,555063925,marlon.forsell@skarplinge.se
Tintin,Grönqvist,Olofstorp,1995-09-21,555220252,tintin.gronqvist@olofstorp.se
Ludwig,Qvarnström,Rolfstorp,2001-07-10,555282355,ludwig.qvarnstrom@rolfstorp.se
Tilly,Sundgren,Åryd,1991-11-03,555086253,tilly.sundgren@aryd.se
Julie,Lif,Vånga,2003-10-21,555103164,julie.lif@vanga.se
Ingemar,Hägg,Allerum,1997-01-05,555949341,ingemar.hagg@allerum.se
Carl,Nylén,Bengtsfors,2009-10-26,555826656,carl.nylén@bengtsfors.se
Christofer,Sandqvist,Stockamöllan,2010-05-19,555022072,christofer.sandqvist@stockamollan.se
Hampus,Kling,Föllinge,1996-04-05,555972843,hampus.kling@follinge.se
Sebastian,Öqvist,Glanshammar,1994-07-24,555325747,sebastian.oqvist@glanshammar.se
Jolene,Hällgren,Arrie,1997-08-23,555425531,jolene.hallgren@arrie.se
Chris,Medin,Bergsjö,2001-10-27,555706486,chris.medin@bergsjo.se
Tryggve,Molander,Bockara,1990-09-11,555250391,tryggve.molander@bockara.se
Doris,Zetterström,Junosuando,1993-09-13,555140924,doris.zetterstrom@junosuando.se
Andrea,Norling,Vissefjärda,2009-01-02,555525764,andrea.norling@vissefjarda.se
Stefan,Rosell,Skinnskatteberg,2002-05-02,555643337,stefan.rosell@skinnskatteberg.se
Sandra,Andersen,Rosvik,1994-04-20,555918448,sandra.andersen@rosvik.se
Cornelia,Åhs,Rengsjö,2001-09-15,555561855,cornelia.ahs@rengsjo.se
Tuwa,Ljung,Hallstahammar,1992-01-06,555104325,tuwa.ljung@hallstahammar.se
Ida,Carlström,Östra Karup,1997-11-05,555563597,ida.carlstrom@ostra_karup.se
Dan,Tillberg,Eket,2001-07-09,555414589,dan.tillberg@eket.se
Lillemor,Halldén,Emtunga,2005-02-19,555224134,lillemor.halldén@emtunga.se
Avin,Åslund,Älmsta,2001-01-01,555905282,avin.aslund@almsta.se
Isolde,Hellgren,Gräddö,1991-12-09,555826851,isolde.hellgren@graddo.se
Germund,Östberg,Källö-Knippla,1993-07-28,555672191,germund.ostberg@kallo-knippla.se
Beata,Åkerman,Sjuhalla,1994-08-27,555788237,beata.akerman@sjuhalla.se
Natasha,Landén,Rörvik,1996-10-19,555607114,natasha.landén@rorvik.se
Göran,Juhlin,Strångsjö,2005-11-09,555990185,goran.juhlin@strangsjo.se
Mika,Mårtensson,Flen,1995-05-23,555882197,mika.martensson@flen.se
Roxanna,Jönsson,Ödeshög,1998-07-01,555572044,roxanna.jonsson@odeshog.se
Sigge,Lönnberg,Norrköping,1995-12-19,555505425,sigge.lonnberg@norrkoping.se
Jon,Pihl,Hjortsberga,1990-01-02,555803030,jon.pihl@hjortsberga.se
Lillian,Lindman,Lindsdal,2009-12-18,555442797,lillian.lindman@lindsdal.se
Tania,Lundvall,Sunne,2006-04-11,555105468,tania.lundvall@sunne.se
Nikolaj,Vilhelmsson,Berghem,2007-03-30,555311673,nikolaj.vilhelmsson@berghem.se
Fabian,Svensson,Nye,1990-11-14,555211653,fabian.svensson@nye.se
Malek,Lantz,Smålandsstenar,2004-07-17,555625308,malek.lantz@smalandsstenar.se
Adriana,Sjölund,Stora Frö och Haga Park,2010-04-01,555992728,adriana.sjolund@stora_fro_och_haga_park.se
Juliette,Bergström,Oskarshamn,2001-03-29,555038102,juliette.bergstrom@oskarshamn.se
Kalle,Andersson,Enviken,2009-03-09,555692769,kalle.andersson@enviken.se
Alf,Dahlqvist,Hånger,2003-02-01,555371749,alf.dahlqvist@hanger.se
Kendra,Bergendahl,Nusnäs,2003-04-15,555891538,kendra.bergendahl@nusnas.se
Karla,Rosenberg,Björneborg,1992-06-07,555773491,karla.rosenberg@bjorneborg.se
Sanna,Wallman,Tunnerstad,1990-08-15,555007738,sanna.wallman@tunnerstad.se
Rebecca,Ehn,Rosersberg,2004-05-14,555883748,rebecca.ehn@rosersberg.se
Embla,Boman,Ödsmål och Åsebyberg,2006-01-02,555293163,embla.boman@odsmal_och_asebyberg.se
Tea,Kristiansson,Häljarp,2009-06-10,555548339,tea.kristiansson@haljarp.se
Johnny,Törnblom,Ankarsvik,1999-05-28,555360524,johnny.tornblom@ankarsvik.se
Elena,Mellberg,Umeå,1995-08-01,555891968,elena.mellberg@umea.se
Thor,Hedström,Frödinge,2001-07-18,555792345,thor.hedstrom@frodinge.se
Kayla,Holmstedt,Bergagård,2009-03-22,555441362,kayla.holmstedt@bergagard.se
Samuel,Örn,Skattungbyn,1993-02-15,555496269,samuel.orn@skattungbyn.se
Kajsa,Bäck,Nykyrka,1994-05-20,555549993,kajsa.back@nykyrka.se
Hassan,Vahlberg,Tenhult,2005-04-10,555855984,hassan.vahlberg@tenhult.se
Idun,Forss,Jössefors,1991-07-09,555632751,idun.forss@jossefors.se
Adèle,Boström,Gängletorp,1993-02-29,555119939,adèle.bostrom@gangletorp.se
Alicia,Westin,Spillersboda,2005-01-11,555210631,alicia.westin@spillersboda.se
Ines,Henningsson,Snogeröd,2005-11-24,555656503,ines.henningsson@snogerod.se
Eli,Rodin,Hedesunda,2002-09-19,555583576,eli.rodin@hedesunda.se
Leopold,Sundén,Vartofta,2002-07-25,555960760,leopold.sundén@vartofta.se
Stephanie,Kristoffersson,Boda,1997-04-30,555034947,stephanie.kristoffersson@boda.se
Sabrina,Wickman,Skåre,2006-07-09,555144374,sabrina.wickman@skare.se
Maximillian,Törnkvist,Nissafors,1999-12-26,555494629,maximillian.tornkvist@nissafors.se
Christopher,Leijon,Skärplinge,1993-07-28,555003667,christopher.leijon@skarplinge.se
Cornelius,Hellman,Skölsta,2008-03-01,555683189,cornelius.hellman@skolsta.se
Emilia,Nyman,Dalsjöfors,1994-04-06,555987209,emilia.nyman@dalsjofors.se
Gabriel,Sörensen,Riddarhyttan,1998-02-14,555712003,gabriel.sorensen@riddarhyttan.se
Helin,Westerlund,Arkelstorp,2009-08-22,555570171,helin.westerlund@arkelstorp.se
Destiny,Ahlberg,Gudhem,1990-09-14,555124736,destiny.ahlberg@gudhem.se
Dina,Westin,Årsunda,1991-12-11,555978824,dina.westin@arsunda.se
Esma,Wirén,Åsbacka,1993-11-12,555635793,esma.wirén@asbacka.se
Natanael,Kihlberg,Skebobruk,1991-08-10,555875092,natanael.kihlberg@skebobruk.se
Zahraa,Lindman,Månkarbo,1998-12-09,555066199,zahraa.lindman@mankarbo.se
Eila,Zackrisson,Burgsvik,2000-07-17,555852413,eila.zackrisson@burgsvik.se
Edwin,Häggström,Duvesjön,2007-04-01,555365500,edwin.haggstrom@duvesjon.se
Isolde,Sterner,Kiruna,1999-12-13,555825116,isolde.sterner@kiruna.se
Carolina,Hultman,Vadstena,1995-07-17,555778653,carolina.hultman@vadstena.se
Jasmina,Sundman,Ullared,1990-01-29,555488132,jasmina.sundman@ullared.se
Joar,Hugosson,Köinge,1999-09-01,555718191,joar.hugosson@koinge.se
Disa,Bladh,Perstorp,2008-07-02,555831518,disa.bladh@perstorp.se
Edit,Henriksson,Linneryd,2009-09-19,555346247,edit.henriksson@linneryd.se
Aina,Josefsson,Ramsberg,1999-10-08,555982343,aina.josefsson@ramsberg.se
Rosa,Håkansson,Ryd,1990-06-30,555179897,rosa.hakansson@ryd.se
Jan,Aronsson,Nygård,2007-07-22,555359178,jan.aronsson@nygard.se
Ayla,Lindgren,Åminne,2002-09-21,555451164,ayla.lindgren@aminne.se
Veronika,Åkerlund,Stenared,1997-03-02,555562984,veronika.akerlund@stenared.se
Hulda,Lundén,Östorp och Ådran,2004-06-02,555514639,hulda.lundén@ostorp_och_adran.se
Harald,Lövgren,Jäderfors,2004-12-30,555852608,harald.lovgren@jaderfors.se
Arnulf,Edvardsson,Forserum,2007-03-10,555603363,arnulf.edvardsson@forserum.se
Pål,Olausson,Arboga,1998-06-04,555790288,pal.olausson@arboga.se
Bartolomeus,Kjell,Arvika,2003-11-25,555019179,bartolomeus.kjell@arvika.se
Zeinab,Viberg,Buerås,2006-04-25,555820875,zeinab.viberg@bueras.se
Leija,Sahlström,Falerum,2010-10-23,555960385,leija.sahlstrom@falerum.se
Hanna,Lagergren,Norje,1995-01-24,555296545,hanna.lagergren@norje.se
Milly,Hedqvist,Mehedeby,2006-02-26,555237637,milly.hedqvist@mehedeby.se
Hakon,Granath,Skoby,2002-06-03,555057984,hakon.granath@skoby.se
Yrsa,Engberg,Brännland,2006-06-28,555384851,yrsa.engberg@brannland.se
Berfin,Gren,Öjersjö,1999-06-19,555139013,berfin.gren@ojersjo.se
Tina,Kruse,Lilla Stenby,2006-01-22,555170338,tina.kruse@lilla_stenby.se
Sara,Blomdahl,Löderup,2005-06-30,555166786,sara.blomdahl@loderup.se
Nikki,Lindblad,Östra Bispgården,1991-04-30,555712431,nikki.lindblad@ostra_bispgarden.se
Cornelius,Sundberg,Ryd,2002-12-17,555717815,cornelius.sundberg@ryd.se
Ina,Sander,Storvreta,2004-03-07,555735577,ina.sander@storvreta.se
Fanny,Kraft,Tällberg,1999-04-04,555991620,fanny.kraft@tallberg.se
Alexis,Larsson,Löwenströmska lasarettet,2000-09-24,555244546,alexis.larsson@lowenstromska_lasarettet.se
Julie,Tillman,Sjötorp,1994-11-04,555262622,julie.tillman@sjotorp.se
Jonas,Fagerberg,Hedlunda,2008-09-21,555003697,jonas.fagerberg@hedlunda.se
Erik,Lönn,Vikmanshyttan,2003-10-28,555383158,erik.lonn@vikmanshyttan.se
Kaj,Glans,Sölvesborg,1998-12-16,555464967,kaj.glans@solvesborg.se
Kaspar,Sköld,Kinnarp,2004-06-10,555700186,kaspar.skold@kinnarp.se
Edvin,Källberg,Tunnerstad,1994-12-08,555550386,edvin.kallberg@tunnerstad.se
Ellis,Granath,Kristevik och Sundsandvik,2008-10-24,555074800,ellis.granath@kristevik_och_sundsandvik.se
Douglas,Nyman,Svenstorp,2006-11-29,555106846,douglas.nyman@svenstorp.se
Alida,Edström,Skutskär,1992-09-25,555248874,alida.edstrom@skutskar.se
Noelia,Wallén,Kvegerö,1994-06-25,555206066,noelia.wallén@kvegero.se
Liva,Sjödin,Aneby,2009-07-22,555792380,liva.sjodin@aneby.se
Östen,Johannesson,Enstaberga,2008-12-08,555941704,osten.johannesson@enstaberga.se
Miran,Östman,Norra Ingaröstrand,1992-08-29,555789173,miran.ostman@norra_ingarostrand.se
Majken,Rehn,Ramdala,2009-05-22,555456206,majken.rehn@ramdala.se
Carmen,Wahlqvist,Tingsryd,2002-05-10,555390428,carmen.wahlqvist@tingsryd.se
Tamara,Blomberg,Ängelholm,1996-12-16,555237805,tamara.blomberg@angelholm.se
Alisa,Wallman,Laggarsvik och Linanäs,1998-04-25,555333295,alisa.wallman@laggarsvik_och_linanas.se
Kristina,Christensen,Grängesberg,1995-10-05,555557585,kristina.christensen@grangesberg.se
Ricky,Frid,Jukkasjärvi,2009-07-11,555098224,ricky.frid@jukkasjarvi.se
Angelika,Vikström,Filsbäck,2005-10-11,555968036,angelika.vikstrom@filsback.se
Sven,Malm,Edsbyn,2010-01-18,555019102,sven.malm@edsbyn.se
Kian,Bohlin,Lyrestad,1991-01-17,555944528,kian.bohlin@lyrestad.se
Krister,Fröberg,Delsbo,1997-06-23,555097593,krister.froberg@delsbo.se
Judith,Abrahamsson,Lilla Tjärby,2005-01-18,555564297,judith.abrahamsson@lilla_tjarby.se
Charlie,Mellgren,Främmestad,2007-08-10,555448858,charlie.mellgren@frammestad.se
Andreas,Adamsson,Påarp,2007-10-06,555736248,andreas.adamsson@paarp.se
Lillemor,Ludvigsson,Bäsna,2003-02-26,555518290,lillemor.ludvigsson@basna.se
Roland,Thelin,Sund,2009-07-25,555355486,roland.thelin@sund.se
Arnulf,Hellström,Svartå,1995-03-14,555676684,arnulf.hellstrom@svarta.se
Tore,Östling,Stångehamn,2008-11-26,555725210,tore.ostling@stangehamn.se
Philip,Selberg,Malmö,2005-05-20,555020054,philip.selberg@malmo.se
Andreas,Grönlund,Bjärred,1997-11-26,555221467,andreas.gronlund@bjarred.se
Nils,Dahlström,Sollerön,2004-06-15,555704255,nils.dahlstrom@solleron.se
Gudmar,Helander,Munkfors,1995-01-17,555727911,gudmar.helander@munkfors.se
Fredrik,Bohman,Onslunda,1995-07-25,555775751,fredrik.bohman@onslunda.se
Seth,Trygg,Vik,2004-04-20,555584786,seth.trygg@vik.se
Alex,Schröder,Nymölla,2009-04-12,555382514,alex.schroder@nymolla.se
Blanka,Hedén,Sjörröd,1994-08-09,555778831,blanka.hedén@sjorrod.se
Nejla,Thuresson,Klintehamn,2009-10-25,555693240,nejla.thuresson@klintehamn.se
Holger,Sahlström,Staffanstorp,1995-11-09,555149632,holger.sahlstrom@staffanstorp.se
River,Ahl,Svenljunga,2006-04-06,555591057,river.ahl@svenljunga.se
Ilma,Thörn,Jävre,2000-01-07,555130610,ilma.thorn@javre.se
Mats,Wennerström,Klagstorp,1998-11-21,555661928,mats.wennerstrom@klagstorp.se
Tibirtus,Edvinsson,Munktorp,2003-10-30,555417514,tibirtus.edvinsson@munktorp.se
Liana,Karlsson,Sjuhalla,2004-11-17,555242307,liana.karlsson@sjuhalla.se
Nick,Wallberg,Långared,2003-09-04,555314673,nick.wallberg@langared.se
Elisia,Kämpe,Hästhagen,2002-08-16,555036596,elisia.kampe@hasthagen.se
Titus,Vikberg,Getterön,1995-07-16,555783606,titus.vikberg@getteron.se
My,Kron,Helsingborg,1998-04-25,555109628,my.kron@helsingborg.se
Valle,Linder,Hedenäset,2006-07-05,555426679,valle.linder@hedenaset.se
Vendela,Ericsson,Kolbäck,2009-12-09,555242017,vendela.ericsson@kolback.se
Matilde,Linde,Bockara,2004-02-27,555816825,matilde.linde@bockara.se
Ronny,Ljungberg,Bergagård,1999-06-03,555065078,ronny.ljungberg@bergagard.se
Lina,Åstrand,Torsåker,2005-06-06,555278946,lina.astrand@torsaker.se
Nicolai,Wennerberg,Hartungviken och Spikarna,1999-01-24,555460697,nicolai.wennerberg@hartungviken_och_spikarna.se
Allie,Käck,Lund,2004-02-15,555995900,allie.kack@lund.se
Vendela,Rydström,Hjälm,1999-05-12,555040359,vendela.rydstrom@hjalm.se
Lana,Sjödahl,Los,1999-09-21,555447176,lana.sjodahl@los.se
Henric,Ragnarsson,Pauliström,2007-05-06,555339585,henric.ragnarsson@paulistrom.se
Conrad,Klang,Ställdalen,2002-06-15,555640320,conrad.klang@stalldalen.se
Loa,Lagergren,Storuman,2001-03-13,555822331,loa.lagergren@storuman.se
Stellan,Friberg,Svinninge,2003-03-14,555167827,stellan.friberg@svinninge.se
Nelly,Klaesson,Dingle,2002-03-21,555802109,nelly.klaesson@dingle.se
Joline,Olsen,Sticklinge udde,2008-01-11,555678013,joline.olsen@sticklinge_udde.se
Alrik,Hammarlund,Åmot,2008-08-18,555860490,alrik.hammarlund@amot.se
Torvald,Hällgren,Västerås,2002-12-24,555859781,torvald.hallgren@vasteras.se
Nadine,Petersen,Hedenäset,2004-07-10,555904781,nadine.petersen@hedenaset.se
Lex,Hjort,Nordingrå,1995-02-30,555369644,lex.hjort@nordingra.se
Marta,Hagberg,Robertsfors,1998-12-21,555229597,marta.hagberg@robertsfors.se
Matteo,Lif,Kartlandet och Hagsätter,2010-11-01,555603721,matteo.lif@kartlandet_och_hagsatter.se
Valeria,Westergren,Vidja,1991-11-10,555799831,valeria.westergren@vidja.se
Amos,Sterner,Billeberga,2008-08-23,555771650,amos.sterner@billeberga.se
Leila,Björnberg,Venngarn,1994-07-14,555062219,leila.bjornberg@venngarn.se
Ellie,Söderberg,Valdemarsvik,1991-12-09,555708888,ellie.soderberg@valdemarsvik.se
Celia,Bergkvist,Främmestad,2004-08-18,555865447,celia.bergkvist@frammestad.se
Maximus,Vahlberg,Sandared,1994-04-16,555612856,maximus.vahlberg@sandared.se
Azra,Linde,Bönan,1991-08-30,555580068,azra.linde@bonan.se
Alma,Kron,Ljungsbro,1990-08-24,555859991,alma.kron@ljungsbro.se
Leon,Lindmark,Upplanda,2002-03-25,555396915,leon.lindmark@upplanda.se
Nicolas,Johannesson,Ingelsträde,1992-11-15,555908752,nicolas.johannesson@ingelstrade.se
Uma,Sjögren,Hällbybrunn,2006-11-15,555055159,uma.sjogren@hallbybrunn.se
Agaton,Van,Myckle,2000-09-02,555676344,agaton.van@myckle.se
Vilda,Filipsson,Åsarp,2008-05-10,555894218,vilda.filipsson@asarp.se
Atle,Sigfridsson,Söderskogen,1994-08-08,555119690,atle.sigfridsson@soderskogen.se
Muhammad,Björling,Töcksfors,2003-03-02,555031546,muhammad.bjorling@tocksfors.se
Emre,Hjorth,Svenshögen,1999-12-24,555242075,emre.hjorth@svenshogen.se
Lucas,Schröder,Kläppa,2003-09-08,555248787,lucas.schroder@klappa.se
Patricia,Almgren,Ostvik,2004-09-07,555686775,patricia.almgren@ostvik.se
Seth,Hamrin,Märsta,1998-08-12,555791312,seth.hamrin@marsta.se
Blanka,Ringdahl,Hammerdal,2006-11-29,555671291,blanka.ringdahl@hammerdal.se
Gry,Ulander,Fågelfors,2010-02-18,555100884,gry.ulander@fagelfors.se
Harry,Schröder,Olofström,1991-10-08,555535016,harry.schroder@olofstrom.se
Ture,Erlandsson,Vallargärdet,1994-08-05,555714832,ture.erlandsson@vallargardet.se
Manfred,Malmros,Glumslöv,2010-09-22,555601161,manfred.malmros@glumslov.se
Leon,Westberg,Åre,1990-05-29,555124878,leon.westberg@are.se
Rojin,Glans,Gualöv,2009-03-28,555737889,rojin.glans@gualov.se
Telma,Björn,Svenstavik,2007-01-28,555773501,telma.bjorn@svenstavik.se
Sienna,Niemi,Väggarp,2005-03-20,555991429,sienna.niemi@vaggarp.se
Elma,Westlund,Höllviken,2004-04-07,555266901,elma.westlund@hollviken.se
Milton,Carlberg,Burgsvik,2001-12-19,555250099,milton.carlberg@burgsvik.se
David,Hallman,Tuna,1998-05-19,555354788,david.hallman@tuna.se
Greger,Seger,Skumparp,1990-04-03,555337378,greger.seger@skumparp.se
Ove,Norberg,Garpenberg,2008-06-25,555256361,ove.norberg@garpenberg.se
Joel,Törnkvist,Bua,1991-05-15,555702265,joel.tornkvist@bua.se
Agaton,Hellberg,Tavelsjö,1990-11-16,555900247,agaton.hellberg@tavelsjo.se
Rosa,Vennberg,Skultorp,1994-05-26,555788674,rosa.vennberg@skultorp.se
Alma,Edin,Segmon,1990-09-15,555614347,alma.edin@segmon.se
Thilda,Sörensson,Dunö,2007-09-26,555205143,thilda.sorensson@duno.se
Hector,Renberg,Bjärlöv,1992-11-08,555347119,hector.renberg@bjarlov.se
Olga,Bergkvist,Ytternäs och Vreta,1999-01-10,555808246,olga.bergkvist@ytternas_och_vreta.se
Reinhold,Svanberg,Runemo,2009-01-29,555820620,reinhold.svanberg@runemo.se
Miliam,Falck,Kårsta,2009-08-20,555907390,miliam.falck@karsta.se
Amelie,Halldén,Inskogen,2005-07-23,555199479,amelie.halldén@inskogen.se
Cleo,Gerdin,Älvsered,1997-12-16,555732367,cleo.gerdin@alvsered.se
Lavin,Jarl,Klagstorp,1999-06-08,555441552,lavin.jarl@klagstorp.se
Ernst,Lidberg,Tollarp,1992-04-19,555598376,ernst.lidberg@tollarp.se
Adina,Nelson,Lima,1994-09-16,555580931,adina.nelson@lima.se
Lillie,Einarsson,Falerum,2000-03-03,555511052,lillie.einarsson@falerum.se
Winston,Beckman,Stenbron,1991-03-30,555188330,winston.beckman@stenbron.se
Elias,Enström,Varekil,2002-03-09,555641374,elias.enstrom@varekil.se
Nelly,Brännström,Västra Ämtervik,1994-10-09,555216547,nelly.brannstrom@vastra_amtervik.se
Marielle,Esbjörnsson,Vuollerim,1997-08-05,555554204,marielle.esbjornsson@vuollerim.se
Amie,Vikström,Gängletorp,2008-02-25,555971211,amie.vikstrom@gangletorp.se
Amelie,Sahlström,Everöd,1999-09-21,555696534,amelie.sahlstrom@everod.se
Sumaya,Mellgren,Drottningholm,2009-05-24,555663463,sumaya.mellgren@drottningholm.se
Ted,Sjöstedt,Nykvarn,2000-11-12,555854382,ted.sjostedt@nykvarn.se
Colin,Jarl,Trosa,1993-08-16,555227517,colin.jarl@trosa.se
Alvin,Gabrielsson,Arbrå,1993-12-24,555172761,alvin.gabrielsson@arbra.se
Roy,Grönlund,Björktorp och Sanda,1990-02-05,555101133,roy.gronlund@bjorktorp_och_sanda.se
Olaus,Fält,Österstad,2003-09-18,555830694,olaus.falt@osterstad.se
Johannes,Sundström,Bastuträsk,1993-09-24,555752047,johannes.sundstrom@bastutrask.se
Amos,Ljung,Lillkyrka,1999-08-28,555096008,amos.ljung@lillkyrka.se
Isabelle,Vesterberg,Åkers styckebruk,1992-12-04,555977882,isabelle.vesterberg@akers_styckebruk.se
Elvis,Andrén,Hjortsberga,2009-04-02,555845340,elvis.andrén@hjortsberga.se
Waldemar,Selberg,Åssjöns norra strand,1997-01-07,555031846,waldemar.selberg@assjons_norra_strand.se
Brynolf,Fredin,Kalvsund,1996-04-24,555469157,brynolf.fredin@kalvsund.se
Mia,Sjöö,Tierp,2010-10-13,555393059,mia.sjoo@tierp.se
Kjell,Ahlin,Eksjö,2007-05-10,555765661,kjell.ahlin@eksjo.se
Eskil,Wallén,Salbohed,2006-09-05,555327029,eskil.wallén@salbohed.se
Bjarne,Rosenberg,Åhus,1992-02-18,555188130,bjarne.rosenberg@ahus.se
Ally,Fast,Stenungsön,1991-03-15,555127005,ally.fast@stenungson.se
Emilija,Bodin,Överlida,1995-01-24,555422813,emilija.bodin@overlida.se
Amel,Nielsen,Saxnäs,1993-06-10,555862755,amel.nielsen@saxnas.se
Kristin,Engvall,Rynge och Vallösa,1991-03-18,555443724,kristin.engvall@rynge_och_vallosa.se
Adriano,Fröjd,Lesjöfors,2006-07-20,555927825,adriano.frojd@lesjofors.se
Alrik,Ström,Norra Riksten,1996-07-08,555531797,alrik.strom@norra_riksten.se
Filiph,Hägg,Norra Riksten,2010-12-28,555388394,filiph.hagg@norra_riksten.se
Angela,Flink,Stensättra tomtområde,2008-10-11,555846533,angela.flink@stensattra_tomtomrade.se
Sakarias,Engström,Sundsstrand,1998-07-10,555011372,sakarias.engstrom@sundsstrand.se
Elliot,Vikman,Krokom,1995-11-05,555765546,elliot.vikman@krokom.se
Romeo,Westling,Burträsk,1999-11-30,555792936,romeo.westling@burtrask.se
Selina,Rosendahl,Skruv,2000-08-14,555022550,selina.rosendahl@skruv.se
Lennox,Tjernström,Örslösa,2000-02-27,555661999,lennox.tjernstrom@orslosa.se
Nemi,Svedberg,Malmen,1997-04-27,555925974,nemi.svedberg@malmen.se
Veronika,Sandgren,Söderhamn,1994-10-21,555586670,veronika.sandgren@soderhamn.se
Juni,Åhlén,Simrishamn,2000-02-01,555234074,juni.ahlén@simrishamn.se
Lowa,Källman,Orrviken,2007-05-30,555014819,lowa.kallman@orrviken.se
Towa,Ahl,Grytgöl,1991-08-25,555656952,towa.ahl@grytgol.se
Bertil,Lagerström,Idre,1996-03-21,555093247,bertil.lagerstrom@idre.se
Malek,Morén,Båtskärsnäs,1996-11-10,555499438,malek.morén@batskarsnas.se
Ella,Jansson,Jungfrusund,2010-06-12,555931155,ella.jansson@jungfrusund.se
Kim,Albertsson,Norra Ingaröstrand,1992-06-18,555472052,kim.albertsson@norra_ingarostrand.se
Hillevi,Bogren,Taberg,1994-06-21,555063317,hillevi.bogren@taberg.se
Esbjörn,Vestling,Skultuna,2000-11-26,555785310,esbjorn.vestling@skultuna.se
Niki,Melin,Näsåker,2004-04-03,555025765,niki.melin@nasaker.se
Liana,Rosenkvist,Berg,2005-12-22,555827347,liana.rosenkvist@berg.se
Isabell,Edgren,Söråker,2001-12-26,555833576,isabell.edgren@soraker.se
Gabriella,Sundelin,Laholm,2007-04-28,555155482,gabriella.sundelin@laholm.se
Björn,Vallin,Svenstorp,2003-04-12,555178479,bjorn.vallin@svenstorp.se
Lisen,Rosén,Sibbhult,1997-06-23,555599773,lisen.rosén@sibbhult.se
Amy,Boberg,Ärla,2009-11-24,555310215,amy.boberg@arla.se
Elsie,Sandgren,Vittsjö,1996-04-20,555026789,elsie.sandgren@vittsjo.se
Thelise,Sandqvist,Säffle,1993-02-15,555050833,thelise.sandqvist@saffle.se
Samantha,Lindén,Mellbystrand,1993-08-17,555308711,samantha.lindén@mellbystrand.se
Arve,Petersson,Venngarn,1995-03-15,555934093,arve.petersson@venngarn.se
Theodore,Stenqvist,Degerfors,2003-04-03,555541539,theodore.stenqvist@degerfors.se
Kristin,Sjölin,Malsta,2005-11-13,555322010,kristin.sjolin@malsta.se
Hanan,Staaf,Hånger,2008-10-26,555573533,hanan.staaf@hanger.se
Miley,Rosander,Lögdeå,2010-10-21,555608872,miley.rosander@logdea.se
Dilara,Sahlin,Inskogen,1997-04-22,555886129,dilara.sahlin@inskogen.se
Annie,Lindblad,Söderköping,1991-07-02,555643859,annie.lindblad@soderkoping.se
Hoda,Berglund,Hässleholm,2003-03-17,555926055,hoda.berglund@hassleholm.se
Marika,Sjöberg,Anneberg,2001-02-23,555349663,marika.sjoberg@anneberg.se
Isadora,Ålund,Bergvik,1995-07-21,555521384,isadora.alund@bergvik.se
Jana,Haraldsson,Vinbergs kyrkby,2002-01-29,555827851,jana.haraldsson@vinbergs_kyrkby.se
Zanna,Sjöstedt,Ängsvik,2009-05-13,555338333,zanna.sjostedt@angsvik.se
My,André,Horn,1992-02-05,555646178,my.andré@horn.se
Melvin,Sundkvist,Nymölla,1994-07-22,555649230,melvin.sundkvist@nymolla.se
Samira,Hultman,Nykil,1999-09-11,555187358,samira.hultman@nykil.se
Veronika,Robertsson,Hönö,2010-01-02,555205587,veronika.robertsson@hono.se
Jessie,Hjelm,Rottneros,2009-03-01,555354689,jessie.hjelm@rottneros.se
Romeo,Fritz,Sonstorp,1995-03-14,555746134,romeo.fritz@sonstorp.se
Thilde,Vernersson,Kilsmo,1999-09-08,555010176,thilde.vernersson@kilsmo.se
Sakarias,Sjögren,Töllsjö,2008-07-20,555577018,sakarias.sjogren@tollsjo.se
Kevin,Elg,Braås,1997-10-05,555438556,kevin.elg@braas.se
Magnus,Nordh,Lödöse,2007-01-22,555876311,magnus.nordh@lodose.se
Ängla,Selberg,Tygelsjö,1994-07-18,555149425,angla.selberg@tygelsjo.se
Elna,Helander,Lidköping,1995-07-02,555467428,elna.helander@lidkoping.se
Elise,Wallman,Ekeby-Almby,2005-07-21,555846573,elise.wallman@ekeby-almby.se
Wilma,Vikman,Bredared,2007-02-17,555164393,wilma.vikman@bredared.se
Frej,Östergren,Tobo,2004-01-06,555812854,frej.ostergren@tobo.se
Gabrielle,Löfstedt,Svarte,2010-06-05,555757699,gabrielle.lofstedt@svarte.se
Aisha,Vestman,Lomma,2010-07-25,555466710,aisha.vestman@lomma.se
Emre,Rönnberg,Tallvik,2001-10-04,555882799,emre.ronnberg@tallvik.se
Abdullah,Häggström,Sulvik,2008-01-06,555384859,abdullah.haggstrom@sulvik.se
Marion,Mårtensson,Täfteå,2006-02-18,555712811,marion.martensson@taftea.se
Ema,Levin,Öbolandet,1998-09-18,555025435,ema.levin@obolandet.se
Ted,Isaksson,Bleket,1999-11-29,555468816,ted.isaksson@bleket.se
Noa,Henning,Nya Långenäs,1990-12-07,555791088,noa.henning@nya_langenas.se
Pär,Bark,Holmsund,2007-07-27,555242789,par.bark@holmsund.se
Philippa,Isaksson,Söderbärke,1996-10-23,555339456,philippa.isaksson@soderbarke.se
Angelina,Malmkvist,Kånna,1990-09-09,555227577,angelina.malmkvist@kanna.se
Emilie,Sörensen,Linneryd,2006-08-06,555215076,emilie.sorensen@linneryd.se
Cornelius,Håkansson,Sövestad,1997-05-01,555203516,cornelius.hakansson@sovestad.se
Joseph,Andersen,Grästorp,2001-07-08,555180567,joseph.andersen@grastorp.se
Thilde,Fält,Hemavan,1992-12-01,555453677,thilde.falt@hemavan.se
Donia,Hedström,Järpen,1994-01-22,555523441,donia.hedstrom@jarpen.se
Valeria,Andersson,Lärbro,2002-05-21,555131989,valeria.andersson@larbro.se
Ninja,Sjödin,Dals Långed,2003-09-27,555857579,ninja.sjodin@dals_langed.se
Kimberly,Zetterberg,Stenared,2004-02-03,555985251,kimberly.zetterberg@stenared.se
Muhammed,Norberg,Östanå,1997-09-03,555351849,muhammed.norberg@ostana.se
Nikolaj,Norrman,Hjärsås,1990-12-15,555047129,nikolaj.norrman@hjarsas.se
Nathanael,Blomkvist,Brokind,2005-08-22,555297822,nathanael.blomkvist@brokind.se
Nelli,Christensen,Korsgården,1993-06-20,555369757,nelli.christensen@korsgarden.se
Unni,Molander,Simonstorp,2006-03-04,555711682,unni.molander@simonstorp.se
Daniel,Kjellin,Röbäck,1994-08-12,555059879,daniel.kjellin@roback.se
Celina,Asp,Harkskär och Utvalnäs,2008-08-17,555514699,celina.asp@harkskar_och_utvalnas.se
Natali,Flodin,Lundby och Malm,1992-01-08,555699723,natali.flodin@lundby_och_malm.se
Jonas,Hedberg,Vinäs,1990-10-27,555810379,jonas.hedberg@vinas.se
Sigge,Ljungberg,Hedlunda,2000-07-28,555363264,sigge.ljungberg@hedlunda.se
Julie,Lundkvist,Väröbacka,2001-09-02,555024012,julie.lundkvist@varobacka.se
Brian,Landén,Fagerfjäll,1997-08-26,555469349,brian.landén@fagerfjall.se
Christine,Brundin,Hästängen,1993-12-04,555362357,christine.brundin@hastangen.se
Rut,Burman,Vallargärdet,2003-09-13,555607632,rut.burman@vallargardet.se
Flora,Nyrén,Morgongåva,1997-10-12,555449610,flora.nyrén@morgongava.se
Mustafa,Nykvist,Hustahöjden,1999-06-23,555162735,mustafa.nykvist@hustahojden.se
Ida,Gren,Ljungbyhed,2002-05-27,555189504,ida.gren@ljungbyhed.se
Yasmine,Henningsson,Angelstad,1991-08-10,555619809,yasmine.henningsson@angelstad.se
Angelina,Sundell,Burgsvik,1998-10-20,555162035,angelina.sundell@burgsvik.se
Jim,Nordstrand,Sågmyra,1998-06-08,555287940,jim.nordstrand@sagmyra.se
Felicia,Wennström,Saxdalen,1994-01-04,555220929,felicia.wennstrom@saxdalen.se
Juli,Hamrin,Älvängen,1998-10-03,555609124,juli.hamrin@alvangen.se
Joanna,Jonsson,Vidöåsen,1998-12-24,555690641,joanna.jonsson@vidoasen.se
Norah,Bergsten,Frillesås,2002-04-05,555205659,norah.bergsten@frillesas.se
Dilara,Modig,Bäckebo,2009-07-13,555245179,dilara.modig@backebo.se
Teresia,Thorsson,Kalkudden,1997-12-19,555424652,teresia.thorsson@kalkudden.se
Noa,Stenvall,Kode,1991-06-29,555535162,noa.stenvall@kode.se
Ester,Ehn,Frösakull,2004-10-10,555805641,ester.ehn@frosakull.se
Sixten,Högström,Molkom,1998-04-20,555077483,sixten.hogstrom@molkom.se
Elise,Olausson,Jung,2009-10-17,555871100,elise.olausson@jung.se
Ilse,Lager,Mölle,1995-06-09,555719423,ilse.lager@molle.se
Zandra,Säfström,Kättilsmåla,2009-10-06,555896671,zandra.safstrom@kattilsmala.se
Filippa,Malmström,Ronnebyhamn,2009-10-19,555155514,filippa.malmstrom@ronnebyhamn.se
Sanna,Lindman,Skurup,1996-10-05,555819316,sanna.lindman@skurup.se
Haley,Wallman,Broaryd,2006-03-07,555306298,haley.wallman@broaryd.se
Marvin,Bergqvist,Bärby,2000-02-28,555723084,marvin.bergqvist@barby.se
Bodil,Carlson,Onslunda,1991-01-27,555238469,bodil.carlson@onslunda.se
Gabrielle,Hellsten,Kalix,1996-09-01,555609896,gabrielle.hellsten@kalix.se
Rahaf,Meijer,Lidköping norra,1997-02-13,555630519,rahaf.meijer@lidkoping_norra.se
Vilda,Zachrisson,Össjö,1991-06-15,555767404,vilda.zachrisson@ossjo.se
Terese,Norrman,Föllinge,1996-11-08,555093838,terese.norrman@follinge.se
Blanka,Fredin,Berghem,2002-05-02,555132844,blanka.fredin@berghem.se
Joseph,Bogren,Falun,1997-03-10,555714237,joseph.bogren@falun.se
Jessika,Edberg,Berghem,2008-02-27,555011283,jessika.edberg@berghem.se
Fanny,Stolt,Tällberg,2007-09-12,555139254,fanny.stolt@tallberg.se
Håkan,Nordstrand,Rånäs,2004-04-15,555868712,hakan.nordstrand@ranas.se
David,Lager,Önnestad,1994-05-28,555990171,david.lager@onnestad.se
Nanna,Mossberg,Bollebygd,1991-11-29,555209779,nanna.mossberg@bollebygd.se
Mimmi,Roos,Malsta,1995-04-12,555825808,mimmi.roos@malsta.se
Arne,Arnesson,Böle,1997-10-30,555881016,arne.arnesson@bole.se
Milia,Adamsson,Svanesund,2005-02-08,555409361,milia.adamsson@svanesund.se
Nils,Hägglund,Robertsholm,2006-11-24,555866999,nils.hagglund@robertsholm.se
Millie,Hjelm,Ultuna,2010-12-20,555472118,millie.hjelm@ultuna.se
Haley,Liljedahl,Malungsfors,1992-11-06,555501723,haley.liljedahl@malungsfors.se
Carla,Johnsson,Lilla Edet,2010-10-08,555590510,carla.johnsson@lilla_edet.se
Therese,Rosander,Svängsta,1997-10-21,555890995,therese.rosander@svangsta.se
Egil,Lindmark,Björnlunda,2005-01-26,555294835,egil.lindmark@bjornlunda.se
Ajla,Carlström,Furuby,2003-03-11,555680046,ajla.carlstrom@furuby.se
Erica,Hellman,Mörlunda,2001-10-09,555776900,erica.hellman@morlunda.se
Meija,Ask,Latorpsbruk,2008-05-04,555084723,meija.ask@latorpsbruk.se
Ragnar,Bäck,Blackstalund,2005-01-05,555055455,ragnar.back@blackstalund.se
Helga,Hörberg,Askersby,1991-09-06,555330873,helga.horberg@askersby.se
Dennis,Vikström,Vistträsk,2003-07-26,555706380,dennis.vikstrom@visttrask.se
Karolina,Backlund,Kvissleby,1999-02-16,555434033,karolina.backlund@kvissleby.se
Marta,Rosander,Karlshamn,1996-07-11,555230343,marta.rosander@karlshamn.se
Elisia,Hellberg,Östraby,2004-10-20,555424957,elisia.hellberg@ostraby.se
Mimmi,Frick,Älgarås,2009-06-08,555898361,mimmi.frick@algaras.se
Rosanna,Stark,Vånga,1997-06-16,555364765,rosanna.stark@vanga.se
Leya,Lundström,Urshult,1999-11-18,555345829,leya.lundstrom@urshult.se
Izabell,Adolfsson,Norr-Hede,2006-04-09,555618879,izabell.adolfsson@norr-hede.se
Hadi,Nordvall,Hjälm,2007-02-12,555762230,hadi.nordvall@hjalm.se
Ville,Müller,Hillerstorp,2005-08-16,555545301,ville.müller@hillerstorp.se
Malcolm,Ros,Simonstorp,1993-01-02,555713238,malcolm.ros@simonstorp.se
Gösta,Källström,Borensberg,2010-12-10,555184687,gosta.kallstrom@borensberg.se
Lea,Lindstedt,Baskemölla,1996-09-03,555637554,lea.lindstedt@baskemolla.se
Vilhelmina,Hellman,Ärla,1997-05-04,555246295,vilhelmina.hellman@arla.se
Lorentz,Ljungdahl,Brastad,1994-02-10,555783781,lorentz.ljungdahl@brastad.se
Alma,Modin,Säffle,2003-09-12,555863555,alma.modin@saffle.se
Alida,Steen,Trädet,1990-10-14,555731306,alida.steen@tradet.se
Lucia,Krantz,Sätila,2000-10-04,555135827,lucia.krantz@satila.se
Börje,Helmersson,Eringsboda,2003-09-27,555377691,borje.helmersson@eringsboda.se
Jimmie,Rosberg,Eda glasbruk,2003-02-02,555468133,jimmie.rosberg@eda_glasbruk.se
Sigge,Vestling,Vårgårda,2008-06-07,555830477,sigge.vestling@vargarda.se
Fritz,Liljekvist,Östersund,2005-05-19,555377229,fritz.liljekvist@ostersund.se
Roxanna,Stålberg,Östra Sönnarslöv,2010-04-28,555596023,roxanna.stalberg@ostra_sonnarslov.se
Matthias,Kruse,Ljusdal,1993-03-17,555106946,matthias.kruse@ljusdal.se
Sandy,Hellberg,Spånlöt,2000-01-18,555835035,sandy.hellberg@spanlot.se
Israel,Staaf,Sjunnen,2003-09-12,555413852,israel.staaf@sjunnen.se
Estelle,Ask,Torestorp,2004-11-15,555708008,estelle.ask@torestorp.se
Noa,Thunberg,Gårdstånga,1997-02-19,555285161,noa.thunberg@gardstanga.se
Miran,Näslund,Björköby,1999-11-29,555430212,miran.naslund@bjorkoby.se
Cindy,Stefansson,Burträsk,2004-09-07,555512301,cindy.stefansson@burtrask.se
Joni,Söderholm,Alsterbro,1999-07-28,555159242,joni.soderholm@alsterbro.se
Evelin,Rosvall,Rödån,1999-02-15,555069898,evelin.rosvall@rodan.se
Elli,Lans,Oxhalsö,1999-10-23,555985111,elli.lans@oxhalso.se
Kira,Rasmussen,Hortlax,1992-05-27,555590751,kira.rasmussen@hortlax.se
Rayan,Johansen,Hunnestad,2002-05-13,555431042,rayan.johansen@hunnestad.se
Vera,Hellberg,Jung,1998-10-01,555990375,vera.hellberg@jung.se
Kalle,Gradin,Oxelösund,2000-05-26,555126289,kalle.gradin@oxelosund.se
Alvar,Knutsson,Hunnestad,1997-11-02,555629797,alvar.knutsson@hunnestad.se
Freyja,Nygren,Sibo,2004-08-28,555464549,freyja.nygren@sibo.se
Carolina,Forsmark,Västra Ämtervik,2003-09-06,555697098,carolina.forsmark@vastra_amtervik.se
Valencia,Hedvall,Strömstad,2005-01-07,555567326,valencia.hedvall@stromstad.se
Sanna,Petersson,Norra Visby,1997-09-02,555745901,sanna.petersson@norra_visby.se
Morgan,Bohlin,Nykyrka,1992-06-12,555694650,morgan.bohlin@nykyrka.se
Hoda,Sundén,Lövstalöt,2000-02-20,555284634,hoda.sundén@lovstalot.se
Alexsandra,Lindén,Bjärlöv,2009-01-22,555487148,alexsandra.lindén@bjarlov.se
Lowa,Zetterlund,Karlsborg,2009-07-29,555051284,lowa.zetterlund@karlsborg.se
Botvid,Berglund,Alster,2004-08-30,555103716,botvid.berglund@alster.se
Manuel,Rosberg,Ytterby,2000-01-27,555160765,manuel.rosberg@ytterby.se
Donya,Wihlborg,Hagfors,1991-05-21,555567658,donya.wihlborg@hagfors.se
Morgan,Lagerström,Boda,1993-02-05,555459169,morgan.lagerstrom@boda.se
Kiara,Berggren,Horn,2007-11-08,555691553,kiara.berggren@horn.se
Noak,Lidman,Färjestaden,1994-09-18,555272746,noak.lidman@farjestaden.se
Vilja,Nordstrand,Björneborg,1991-02-30,555305309,vilja.nordstrand@bjorneborg.se
Maryam,Hjort,Köinge,2003-12-14,555616899,maryam.hjort@koinge.se
Lycka,Ljungström,Strålsnäs,1992-01-09,555164952,lycka.ljungstrom@stralsnas.se
Zara,Sigfridsson,Stora Mellösa,2000-11-26,555685751,zara.sigfridsson@stora_mellosa.se
Stina,Rahm,Blomstermåla,1991-04-27,555187160,stina.rahm@blomstermala.se
Svante,Ramberg,Parksidan,2005-07-28,555995896,svante.ramberg@parksidan.se
Lex,Modin,Svärdsjö,2009-07-22,555061546,lex.modin@svardsjo.se
Danny,Åhlander,Mölnbo,2001-11-01,555113806,danny.ahlander@molnbo.se
Isabel,Berglin,Oxhalsö,1991-09-21,555559558,isabel.berglin@oxhalso.se
Ingemar,Sandell,Bergströmshusen,2003-06-09,555646916,ingemar.sandell@bergstromshusen.se
Joseph,Björling,Riddarhyttan,2009-03-12,555667137,joseph.bjorling@riddarhyttan.se
Linnea,Nordvall,Skellefteå,1994-04-22,555776486,linnea.nordvall@skelleftea.se
Dania,Johansson,Vetlanda,2001-12-03,555763402,dania.johansson@vetlanda.se
Petter,Bruhn,Harads,1991-05-07,555321131,petter.bruhn@harads.se
Alvar,Kristensson,Strandskogen,2004-01-23,555673801,alvar.kristensson@strandskogen.se
Filippa,Gidlund,Falköping,2006-11-07,555924576,filippa.gidlund@falkoping.se
Jens,Åkerström,Blåsmark,1995-01-26,555494420,jens.akerstrom@blasmark.se
